,Date,open,close
0,2011-11-16,24.75,25.19
1,2011-11-18,24.43,24.43
2,2011-11-21,26.96,23.69
3,2011-11-23,23.31,23.5
4,2011-11-28,24.17,24.13
5,2011-11-29,24.11,24.25
6,2011-11-30,25.2,25.2
7,2011-12-05,25.89,25.33
8,2011-12-06,25.4,25.4
9,2011-12-07,25.29,25.29
10,2011-12-08,25.25,25.25
11,2011-12-09,25.23,25.48
12,2011-12-12,24.9,24.9
13,2011-12-13,24.59,24.2
14,2011-12-14,23.9,23.4
15,2011-12-15,23.4,23.4
16,2011-12-16,23.77,23.87
17,2011-12-19,23.68,23.4
18,2011-12-20,24.05,24.08
19,2011-12-21,24.12,24.13
20,2011-12-22,24.25,24.38
21,2011-12-23,24.88,24.74
22,2011-12-27,24.36,24.36
23,2011-12-29,23.96,23.99
24,2011-12-30,24.49,24.5
25,2012-01-03,24.95,25.16
26,2012-01-04,24.57,24.4
27,2012-01-05,24.35,24.35
28,2012-01-06,24.42,24.42
29,2012-01-11,25.1,25.22
30,2012-01-12,25.72,25.72
31,2012-01-13,25.87,25.53
32,2012-01-19,26.8,27.03
33,2012-01-20,26.97,26.65
34,2012-01-23,27.05,27.12
35,2012-01-24,26.77,27.06
36,2012-01-25,27.1,27.26
37,2012-01-26,27.69,27.6
38,2012-01-27,27.65,27.7
39,2012-01-30,27.19,27.19
40,2012-01-31,27.41,27.2
41,2012-02-01,27.2,27.3
42,2012-02-02,26.98,26.82
43,2012-02-03,27.2,27.76
44,2012-02-06,27.43,27.43
45,2012-02-07,27.31,27.55
46,2012-02-08,27.9,27.72
47,2012-02-09,28.2,28.22
48,2012-02-10,27.55,27.35
49,2012-02-13,27.2,27.18
50,2012-02-14,27.18,27.18
51,2012-02-17,26.91,26.46
52,2012-02-21,27.21,27.31
53,2012-02-22,27.13,27.26
54,2012-02-23,26.84,26.95
55,2012-02-24,26.94,27.49
56,2012-02-27,27.48,27.48
57,2012-02-28,27.56,27.63
58,2012-02-29,27.23,27.23
59,2012-03-01,27.77,27.71
60,2012-03-02,27.67,27.69
61,2012-03-05,27.66,27.32
62,2012-03-06,26.67,26.64
63,2012-03-07,26.71,26.71
64,2012-03-09,27.3,27.18
65,2012-03-12,27.18,27.23
66,2012-03-13,27.57,27.6
67,2012-03-15,27.55,27.55
68,2012-03-16,27.4,27.38
69,2012-03-19,27.55,27.6
70,2012-03-20,27.27,27.15
71,2012-03-21,27.13,27.16
72,2012-03-22,26.65,26.65
73,2012-03-23,26.81,26.94
74,2012-03-26,27.46,27.42
75,2012-03-27,27.49,27.38
76,2012-03-28,26.8,26.8
77,2012-03-29,26.73,26.81
78,2012-03-30,27.13,27.13
79,2012-04-02,27.62,27.62
80,2012-04-03,27.46,27.46
81,2012-04-04,26.87,26.87
82,2012-04-09,26.3,26.44
83,2012-04-10,26.01,26.01
84,2012-04-11,25.76,25.72
85,2012-04-12,26.03,26.03
86,2012-04-13,25.7,25.6
87,2012-04-16,25.55,25.58
88,2012-04-17,25.75,25.84
89,2012-04-20,26.1,26.11
90,2012-04-23,25.59,25.66
91,2012-04-24,25.89,25.89
92,2012-04-25,26.17,26.17
93,2012-04-26,26.4,26.71
94,2012-04-27,28.0,26.91
95,2012-04-30,26.83,26.96
96,2012-05-01,26.99,27.02
97,2012-05-03,26.33,26.34
98,2012-05-04,26.3,26.1
99,2012-05-08,25.7,25.87
100,2012-05-09,25.71,25.71
101,2012-05-10,26.0,25.77
102,2012-05-11,25.53,25.53
103,2012-05-14,25.0,25.0
104,2012-05-16,24.21,24.38
105,2012-05-17,24.49,24.49
106,2012-05-22,24.64,24.45
107,2012-05-23,23.91,24.0
108,2012-05-30,24.0,23.82
109,2012-05-31,23.75,23.71
110,2012-06-01,23.38,23.38
111,2012-06-04,23.4,23.4
112,2012-06-05,23.28,23.27
113,2012-06-06,23.5,23.61
114,2012-06-07,23.97,23.97
115,2012-06-08,23.22,23.16
116,2012-06-15,23.98,24.0
117,2012-06-18,23.79,23.78
118,2012-06-20,24.0,24.0
119,2012-06-21,23.48,23.21
120,2012-06-22,23.26,23.26
121,2012-06-28,23.52,23.52
122,2012-07-05,24.49,24.39
123,2012-07-06,23.94,23.94
124,2012-07-09,24.02,24.02
125,2012-07-16,24.53,24.56
126,2012-07-18,24.4,24.46
127,2012-07-23,23.68,23.68
128,2012-07-24,23.66,23.66
129,2012-07-26,24.27,24.0
130,2012-07-27,24.15,24.22
131,2012-07-30,24.2,24.2
132,2012-08-02,23.62,23.34
133,2012-08-06,23.76,23.98
134,2012-08-07,24.24,24.24
135,2012-08-09,24.07,24.07
136,2012-08-10,23.76,23.89
137,2012-08-14,23.64,23.64
138,2012-08-17,23.98,24.0
139,2012-08-20,23.7,23.7
140,2012-08-21,24.15,24.15
141,2012-08-22,24.24,24.22
142,2012-08-23,24.44,24.44
143,2012-08-30,24.2,24.2
144,2012-09-04,24.36,24.36
145,2012-09-06,24.71,24.74
146,2012-09-07,25.36,25.35
147,2012-09-10,23.07,25.75
148,2012-09-11,25.77,25.77
149,2012-09-12,25.82,25.82
150,2012-09-13,26.21,26.11
151,2012-09-17,26.59,26.14
152,2012-09-18,26.37,26.35
153,2012-09-19,26.61,26.61
154,2012-09-20,26.36,26.36
155,2012-09-21,26.45,26.45
156,2012-09-24,26.11,26.11
157,2012-09-25,26.25,26.25
158,2012-09-26,25.84,25.88
159,2012-10-09,26.13,26.13
160,2012-10-10,26.01,26.01
161,2012-10-11,26.24,26.24
162,2012-10-23,24.96,25.0
163,2012-10-24,24.93,24.93
164,2012-10-25,24.99,24.86
165,2012-10-31,24.65,24.65
166,2012-11-01,25.1,24.84
167,2012-11-02,24.8,24.8
168,2012-11-05,24.32,24.32
169,2012-11-09,24.05,24.09
170,2012-11-13,24.32,24.32
171,2012-11-26,24.7,24.7
172,2012-11-29,25.22,25.1
173,2012-11-30,25.3,25.25
174,2012-12-03,26.14,25.47
175,2012-12-04,25.49,25.49
176,2012-12-05,25.66,25.66
177,2012-12-06,25.36,25.36
178,2012-12-07,25.51,25.51
179,2012-12-10,25.82,25.8
180,2012-12-11,25.69,25.69
181,2012-12-12,25.9,25.9
182,2012-12-13,25.63,25.63
183,2012-12-17,25.48,25.54
184,2012-12-18,25.38,25.38
185,2012-12-19,25.11,25.11
186,2012-12-20,24.63,24.62
187,2012-12-28,25.02,25.01
188,2013-01-02,26.07,26.01
189,2013-01-03,26.5,25.93
190,2013-01-04,25.77,25.76
191,2013-01-07,25.6,25.6
192,2013-01-11,25.5,25.5
193,2013-01-16,25.2,25.2
194,2013-01-17,25.43,25.53
195,2013-01-18,25.55,25.66
196,2013-01-22,25.84,25.84
197,2013-01-23,25.8,25.76
198,2013-01-24,25.63,25.62
199,2013-01-25,25.46,25.46
200,2013-01-28,25.58,25.58
201,2013-01-29,25.75,25.75
202,2013-01-30,26.04,26.16
203,2013-02-01,26.25,26.38
204,2013-02-04,26.31,26.31
205,2013-02-05,26.31,26.29
206,2013-02-07,26.02,25.98
207,2013-02-12,26.0,26.0
208,2013-02-13,26.16,26.16
209,2013-02-15,26.02,26.02
210,2013-02-20,25.39,25.39
211,2013-02-21,24.74,24.74
212,2013-02-22,24.69,24.65
213,2013-02-25,24.76,24.77
214,2013-02-26,24.84,24.84
215,2013-02-27,24.83,24.83
216,2013-03-01,24.41,24.43
217,2013-03-05,24.59,24.51
218,2013-03-06,24.31,24.31
219,2013-03-07,24.43,24.48
220,2013-03-08,24.46,24.45
221,2013-03-11,24.5,24.5
222,2013-03-12,24.73,24.73
223,2013-03-13,24.56,24.56
224,2013-03-14,24.58,24.59
225,2013-03-15,24.56,24.48
226,2013-03-19,23.84,23.62
227,2013-03-20,23.91,23.92
228,2013-03-21,23.96,23.95
229,2013-03-22,24.1,24.13
230,2013-03-25,24.08,24.0
231,2013-03-26,24.16,24.03
232,2013-03-27,24.0,24.0
233,2013-04-03,23.25,23.25
234,2013-04-04,23.05,23.39
235,2013-04-05,23.27,23.24
236,2013-04-08,23.51,23.51
237,2013-04-10,23.86,23.76
238,2013-04-11,23.76,23.68
239,2013-04-12,23.54,23.21
240,2013-04-15,22.56,22.84
241,2013-04-16,22.96,22.98
242,2013-04-17,22.25,22.13
243,2013-04-18,21.83,22.25
244,2013-04-19,21.86,21.87
245,2013-04-22,21.7,21.73
246,2013-04-23,21.67,21.37
247,2013-04-24,21.89,21.89
248,2013-04-25,22.47,22.43
249,2013-04-26,22.22,21.97
250,2013-04-29,23.01,22.21
251,2013-04-30,22.35,22.0
252,2013-05-01,21.26,21.17
253,2013-05-03,22.58,22.84
254,2013-05-06,22.72,22.72
255,2013-05-07,22.62,22.78
256,2013-05-08,23.24,23.08
257,2013-05-09,23.3,23.03
258,2013-05-10,23.03,23.23
259,2013-05-13,23.19,23.19
260,2013-05-14,22.73,22.58
261,2013-05-15,22.55,22.27
262,2013-05-16,22.47,22.62
263,2013-05-17,22.83,22.79
264,2013-05-21,22.95,22.95
265,2013-05-22,23.34,23.34
266,2013-05-24,22.67,22.67
267,2013-05-28,22.89,22.81
268,2013-05-29,22.57,22.57
269,2013-05-30,22.94,22.94
270,2013-05-31,22.69,22.69
271,2013-06-03,22.82,22.82
272,2013-06-04,23.49,23.49
273,2013-06-05,23.44,23.44
274,2013-06-06,22.73,22.74
275,2013-06-07,22.46,22.46
276,2013-06-11,21.93,22.04
277,2013-06-12,22.2,22.2
278,2013-06-13,21.89,21.88
279,2013-06-14,22.06,21.68
280,2013-06-20,21.5,20.93
281,2013-06-21,21.8,21.46
282,2013-06-24,21.75,20.84
283,2013-06-25,21.11,21.03
284,2013-06-26,21.76,20.85
285,2013-06-28,20.83,21.1
286,2013-07-01,22.19,21.61
287,2013-07-03,21.67,21.66
288,2013-07-09,20.87,20.93
289,2013-07-10,21.03,21.03
290,2013-07-11,21.79,21.68
291,2013-07-12,21.6,21.53
292,2013-07-15,21.59,21.66
293,2013-07-16,21.96,21.81
294,2013-07-17,21.31,21.42
295,2013-07-18,21.44,21.44
296,2013-07-24,21.79,21.8
297,2013-07-29,21.27,21.22
298,2013-07-30,21.19,20.86
299,2013-07-31,21.34,21.34
300,2013-08-01,21.72,21.72
301,2013-08-02,21.91,21.83
302,2013-08-05,21.7,21.7
303,2013-08-08,22.33,22.25
304,2013-08-09,22.65,22.55
305,2013-08-12,22.72,22.54
306,2013-08-13,22.52,22.52
307,2013-08-15,22.52,22.61
308,2013-08-16,22.89,22.89
309,2013-08-19,22.58,22.58
310,2013-08-20,22.72,22.72
311,2013-08-21,22.84,22.65
312,2013-08-22,22.7,22.7
313,2013-08-26,22.59,22.62
314,2013-08-27,22.65,22.65
315,2013-08-28,22.55,22.6
316,2013-08-29,22.31,22.29
317,2013-08-30,22.08,22.07
318,2013-09-03,22.58,22.59
319,2013-09-04,22.09,22.08
320,2013-09-05,22.01,22.08
321,2013-09-06,22.15,22.15
322,2013-09-09,22.37,22.29
323,2013-09-10,22.3,22.22
324,2013-09-11,22.28,22.21
325,2013-09-12,22.0,22.0
326,2013-09-13,21.82,21.82
327,2013-09-16,22.7,21.95
328,2013-09-17,21.95,21.95
329,2013-09-18,22.31,22.54
330,2013-09-20,21.63,22.44
331,2013-09-23,22.28,22.34
332,2013-09-24,22.06,22.06
333,2013-09-26,22.44,22.44
334,2013-10-02,22.53,22.53
335,2013-10-03,22.13,22.24
336,2013-10-04,22.48,22.42
337,2013-10-07,22.46,22.46
338,2013-10-11,22.26,22.25
339,2013-10-17,22.39,22.38
340,2013-10-18,22.47,22.47
341,2013-10-23,22.25,22.2
342,2013-10-31,22.16,22.51
343,2013-11-07,22.0,22.0
344,2013-11-12,21.94,21.84
345,2013-11-13,21.5,21.46
346,2013-11-15,21.54,21.54
347,2013-11-18,21.39,21.4
348,2013-11-19,21.24,21.48
349,2013-11-22,21.78,21.78
350,2013-11-25,21.8,21.85
351,2013-12-02,21.6,21.45
352,2013-12-03,21.41,21.42
353,2013-12-04,21.86,21.86
354,2013-12-05,21.74,21.74
355,2013-12-06,21.87,21.88
356,2013-12-09,21.91,21.95
357,2013-12-10,22.1,22.0
358,2013-12-12,22.22,22.24
359,2013-12-16,22.42,22.42
360,2013-12-17,22.45,22.45
361,2013-12-20,22.7,22.24
362,2013-12-23,22.01,22.31
363,2013-12-24,22.46,22.76
364,2013-12-26,22.8,22.89
365,2013-12-31,24.96,22.9
366,2014-01-02,22.88,22.78
367,2014-01-03,22.64,22.66
368,2014-01-07,22.58,22.6
369,2014-01-08,22.63,22.58
370,2014-01-09,22.39,22.23
371,2014-01-10,22.51,22.46
372,2014-01-13,22.46,22.57
373,2014-01-14,22.47,22.49
374,2014-01-16,22.46,22.46
375,2014-01-17,22.54,22.54
376,2014-01-21,22.38,22.34
377,2014-01-22,22.49,22.49
378,2014-01-23,22.14,22.14
379,2014-01-24,22.0,22.0
380,2014-01-27,21.91,21.94
381,2014-01-28,21.81,21.88
382,2014-01-29,21.77,21.81
383,2014-01-30,21.65,21.69
384,2014-01-31,21.23,21.46
385,2014-02-03,21.36,21.36
386,2014-02-07,21.82,21.82
387,2014-02-10,21.75,21.71
388,2014-02-19,22.1,21.99
389,2014-02-20,21.97,21.97
390,2014-02-21,21.99,21.99
391,2014-02-24,21.72,21.71
392,2014-02-28,21.54,21.52
393,2014-03-03,21.0,21.44
394,2014-03-04,21.73,21.74
395,2014-03-05,21.77,21.69
396,2014-03-06,21.83,21.8
397,2014-03-07,21.0,20.86
398,2014-03-10,20.75,20.64
399,2014-03-11,20.6,19.97
400,2014-03-12,20.03,20.05
401,2014-03-13,22.0,19.82
402,2014-03-14,20.41,19.94
403,2014-03-17,20.2,20.02
404,2014-03-18,20.06,19.93
405,2014-03-19,19.8,20.2
406,2014-03-20,19.87,19.9
407,2014-03-21,20.12,19.97
408,2014-03-24,20.03,19.96
409,2014-03-25,20.2,20.29
410,2014-03-26,20.19,20.01
411,2014-03-27,20.29,20.29
412,2014-03-28,20.59,20.58
413,2014-03-31,20.61,20.54
414,2014-04-01,20.53,20.59
415,2014-04-03,20.57,20.45
416,2014-04-04,20.54,20.31
417,2014-04-08,20.57,20.57
418,2014-04-10,20.0,20.39
419,2014-04-11,20.61,20.41
420,2014-04-14,20.49,20.49
421,2014-04-15,20.22,20.24
422,2014-04-16,20.45,20.47
423,2014-04-21,20.43,20.53
424,2014-04-22,20.43,20.56
425,2014-04-23,20.57,20.63
426,2014-04-24,21.07,20.95
427,2014-04-25,20.94,20.9
428,2014-04-28,21.17,20.99
429,2014-04-29,20.53,20.79
430,2014-04-30,20.5,20.45
431,2014-05-02,20.75,20.74
432,2014-05-05,20.74,20.68
433,2014-05-06,20.65,20.65
434,2014-05-07,20.43,20.52
435,2014-05-08,20.53,20.66
436,2014-05-09,20.75,20.74
437,2014-05-12,21.17,21.16
438,2014-05-13,21.15,21.06
439,2014-05-14,21.18,21.34
440,2014-05-15,21.16,21.17
441,2014-05-16,21.17,21.18
442,2014-05-21,21.0,21.01
443,2014-05-22,21.13,21.13
444,2014-05-23,21.2,21.33
445,2014-05-27,21.47,21.31
446,2014-05-28,21.31,21.48
447,2014-05-30,21.09,21.09
448,2014-06-04,20.79,20.79
449,2014-06-06,20.68,20.62
450,2014-06-09,20.41,20.48
451,2014-06-10,20.49,20.69
452,2014-06-12,20.3,20.44
453,2014-06-13,20.42,20.37
454,2014-06-16,20.49,20.65
455,2014-06-19,20.66,20.72
456,2014-06-20,20.98,21.0
457,2014-06-23,21.31,21.22
458,2014-06-24,21.23,21.19
459,2014-06-25,21.32,21.39
460,2014-06-27,21.39,21.33
461,2014-06-30,20.53,21.43
462,2014-07-01,21.65,21.6
463,2014-07-02,21.94,22.1
464,2014-07-03,22.18,22.21
465,2014-07-07,22.06,22.06
466,2014-07-08,22.03,22.08
467,2014-07-09,22.1,21.97
468,2014-07-10,21.95,22.08
469,2014-07-11,21.95,22.08
470,2014-07-14,22.45,21.94
471,2014-07-15,21.95,21.95
472,2014-07-16,21.93,21.77
473,2014-07-17,21.86,21.89
474,2014-07-18,21.67,21.66
475,2014-07-21,21.7,21.79
476,2014-07-22,21.95,21.72
477,2014-07-23,21.73,21.84
478,2014-07-24,21.97,22.21
479,2014-07-25,22.08,22.05
480,2014-07-28,21.99,21.99
481,2014-07-29,21.94,21.93
482,2014-07-30,21.99,22.03
483,2014-07-31,22.01,21.96
484,2014-08-01,21.76,21.81
485,2014-08-04,21.97,22.0
486,2014-08-05,21.83,21.72
487,2014-08-06,21.43,21.42
488,2014-08-07,21.53,21.51
489,2014-08-08,21.51,21.54
490,2014-08-11,21.53,21.49
491,2014-08-12,21.35,21.35
492,2014-08-13,21.09,21.08
493,2014-08-14,20.92,20.92
494,2014-08-15,21.03,21.13
495,2014-08-18,21.05,21.09
496,2014-08-19,21.04,21.0
497,2014-08-20,21.38,21.38
498,2014-08-21,21.41,21.53
499,2014-08-26,21.69,21.7
500,2014-08-27,21.56,21.63
501,2014-09-02,21.41,21.37
502,2014-09-03,21.13,21.12
503,2014-09-04,21.29,21.32
504,2014-09-05,21.34,21.34
505,2014-09-08,21.34,21.34
506,2014-09-11,20.87,20.93
507,2014-09-12,20.83,20.83
508,2014-09-16,21.4,21.32
509,2014-09-18,20.93,20.9
510,2014-09-19,20.77,20.77
511,2014-09-22,20.49,20.49
512,2014-09-24,20.03,20.68
513,2014-09-25,20.48,20.48
514,2014-09-29,20.5,20.52
515,2014-09-30,20.31,20.3
516,2014-10-03,20.27,20.27
517,2014-10-06,20.51,20.44
518,2014-10-07,20.43,20.43
519,2014-10-08,20.27,20.42
520,2014-10-09,20.39,20.39
521,2014-10-10,20.3,20.35
522,2014-10-13,20.45,20.56
523,2014-10-14,20.63,20.64
524,2014-10-15,20.52,20.2
525,2014-10-16,20.06,20.06
526,2014-10-20,20.1,20.14
527,2014-10-21,20.35,20.49
528,2014-10-22,20.41,20.26
529,2014-10-23,20.4,20.48
530,2014-10-24,20.51,20.53
531,2014-10-27,20.33,20.5
532,2014-10-28,20.83,20.84
533,2014-10-29,20.85,20.85
534,2014-10-30,20.58,20.58
535,2014-10-31,20.55,20.51
536,2014-11-03,20.55,20.61
537,2014-11-04,20.2,20.2
538,2014-11-06,20.34,20.34
539,2014-11-07,20.46,20.46
540,2014-11-10,20.38,20.29
541,2014-11-11,20.17,20.5
542,2014-11-13,20.11,20.07
543,2014-11-14,20.46,20.45
544,2014-11-19,20.41,20.38
545,2014-11-20,20.25,20.27
546,2014-11-21,20.54,20.37
547,2014-11-24,20.55,20.23
548,2014-11-25,20.18,20.18
549,2014-11-26,19.89,19.89
550,2014-11-28,19.85,19.31
551,2014-12-01,19.42,19.42
552,2014-12-02,19.36,19.52
553,2014-12-05,19.56,19.56
554,2014-12-08,19.5,19.5
555,2014-12-09,19.5,19.67
556,2014-12-10,19.62,19.49
557,2014-12-11,19.77,19.77
558,2014-12-12,19.78,19.79
559,2014-12-16,19.27,19.26
560,2014-12-18,19.35,19.2
561,2014-12-19,19.08,19.49
562,2014-12-26,18.92,18.91
563,2014-12-29,18.31,19.09
564,2014-12-30,19.24,19.26
565,2014-12-31,19.2,19.02
566,2015-01-02,18.99,19.02
567,2015-01-06,18.73,18.74
568,2015-01-08,18.64,18.68
569,2015-01-09,18.62,18.61
570,2015-01-14,16.98,16.92
571,2015-01-15,17.37,17.49
572,2015-01-16,17.46,17.83
573,2015-01-20,18.0,17.57
574,2015-01-21,17.6,17.52
575,2015-01-22,17.42,17.39
576,2015-01-23,17.1,16.91
577,2015-01-26,16.92,17.06
578,2015-01-27,16.92,16.73
579,2015-01-28,17.0,16.75
580,2015-01-29,16.74,16.68
581,2015-02-03,17.28,17.34
582,2015-02-05,17.57,17.57
583,2015-02-06,17.5,17.42
584,2015-02-09,17.52,17.52
585,2015-02-10,17.29,17.29
586,2015-02-11,17.36,17.36
587,2015-02-12,17.58,17.7
588,2015-02-17,17.28,17.3
589,2015-02-18,17.83,17.62
590,2015-02-19,17.49,17.66
591,2015-02-20,17.47,17.54
592,2015-02-23,17.41,17.45
593,2015-02-25,18.02,17.98
594,2015-02-26,18.16,18.56
595,2015-02-27,17.98,17.98
596,2015-03-03,17.98,17.98
597,2015-03-05,17.98,18.02
598,2015-03-06,17.69,17.66
599,2015-03-09,17.97,18.05
600,2015-03-10,17.74,17.62
601,2015-03-11,17.67,17.69
602,2015-03-13,17.95,18.09
603,2015-03-17,17.83,17.91
604,2015-03-18,17.55,17.52
605,2015-03-20,17.53,18.29
606,2015-03-23,18.94,19.47
607,2015-03-24,18.91,18.86
608,2015-03-26,18.98,19.06
609,2015-03-30,18.81,18.8
610,2015-03-31,18.7,18.59
611,2015-04-01,18.43,18.43
612,2015-04-02,18.43,18.43
613,2015-04-07,18.71,18.66
614,2015-04-08,18.44,18.44
615,2015-04-10,18.47,18.55
616,2015-04-13,18.44,18.44
617,2015-04-14,17.97,17.98
618,2015-04-15,18.11,18.27
619,2015-04-16,18.68,18.66
620,2015-04-20,18.46,18.46
621,2015-04-21,18.21,18.21
622,2015-04-22,18.2,18.05
623,2015-04-23,18.18,18.36
624,2015-04-27,18.75,18.75
625,2015-04-29,18.68,18.85
626,2015-04-30,19.24,19.37
627,2015-05-01,19.72,19.85
628,2015-05-04,19.64,19.64
629,2015-05-05,19.72,19.79
630,2015-05-06,19.8,19.66
631,2015-05-07,19.64,19.64
632,2015-05-08,19.64,19.64
633,2015-05-12,19.71,19.71
634,2015-05-13,19.72,19.72
635,2015-05-14,19.71,19.71
636,2015-05-18,19.66,19.66
637,2015-05-19,19.44,19.1
638,2015-05-20,19.11,19.03
639,2015-05-21,19.31,19.31
640,2015-05-22,19.04,18.88
641,2015-05-27,18.9,18.9
642,2015-05-29,18.54,18.5
643,2015-06-01,18.5,18.5
644,2015-06-03,18.48,18.48
645,2015-06-04,18.31,18.13
646,2015-06-09,18.45,18.45
647,2015-06-15,17.93,17.83
648,2015-06-19,16.96,16.96
649,2015-06-22,17.04,17.04
650,2015-06-23,17.48,17.6
651,2015-06-24,17.92,17.61
652,2015-06-26,19.3,19.3
653,2015-06-30,17.54,17.69
654,2015-07-01,17.72,17.81
655,2015-07-02,17.84,17.85
656,2015-07-06,17.8,17.11
657,2015-07-07,16.55,16.58
658,2015-07-08,16.89,16.89
659,2015-07-09,17.21,17.2
660,2015-07-10,17.12,17.09
661,2015-07-13,17.17,17.2
662,2015-07-14,17.16,17.16
663,2015-07-16,17.0,17.0
664,2015-07-17,16.87,16.85
665,2015-07-20,16.83,16.62
666,2015-07-21,16.72,16.66
667,2015-07-22,16.42,16.4
668,2015-07-23,16.35,16.1
669,2015-07-27,15.85,15.9
670,2015-07-28,16.24,16.24
671,2015-07-29,16.15,16.15
672,2015-08-03,15.85,15.85
673,2015-08-05,15.91,15.77
674,2015-08-06,15.85,15.86
675,2015-08-07,15.8,15.73
676,2015-08-11,15.78,15.78
677,2015-08-12,15.93,15.85
678,2015-08-13,15.8,15.85
679,2015-08-14,15.73,15.73
680,2015-08-17,15.65,15.56
681,2015-08-18,15.41,15.3
682,2015-08-19,15.3,15.32
683,2015-08-20,15.58,15.58
684,2015-08-21,15.49,15.42
685,2015-08-24,14.97,14.99
686,2015-08-25,15.22,15.44
687,2015-08-26,15.11,15.04
688,2015-08-27,15.55,15.65
689,2015-08-28,15.81,15.79
690,2015-08-31,15.58,15.74
691,2015-09-01,15.5,15.44
692,2015-09-02,15.72,15.61
693,2015-09-03,15.93,15.93
694,2015-09-04,15.66,15.59
695,2015-09-08,16.06,16.28
696,2015-09-09,16.27,16.27
697,2015-09-10,16.4,16.36
698,2015-09-14,16.3,16.3
699,2015-09-15,16.07,16.07
700,2015-09-17,16.5,16.6
701,2015-09-18,15.92,15.92
702,2015-09-21,16.1,16.07
703,2015-09-22,15.5,15.47
704,2015-09-24,15.35,15.4
705,2015-09-25,14.5,15.29
706,2015-09-28,14.99,14.99
707,2015-09-29,15.14,15.14
708,2015-09-30,15.78,15.6
709,2015-10-01,15.37,15.37
710,2015-10-02,15.31,15.64
711,2015-10-05,15.79,15.79
712,2015-10-06,15.85,15.76
713,2015-10-07,15.95,15.75
714,2015-10-08,15.61,15.74
715,2015-10-12,16.1,16.08
716,2015-10-13,15.99,16.0
717,2015-10-16,16.97,16.13
718,2015-10-19,15.85,15.85
719,2015-10-29,15.67,15.67
720,2015-10-30,15.41,15.41
721,2015-11-02,15.4,15.41
722,2015-11-03,15.55,15.55
723,2015-11-04,15.67,15.65
724,2015-11-09,14.92,14.98
725,2015-11-10,14.81,14.8
726,2015-11-12,14.5,14.5
727,2015-11-16,14.15,14.15
728,2015-11-18,13.93,13.82
729,2015-11-19,13.81,13.92
730,2015-11-20,13.9,13.71
731,2015-11-23,13.45,13.44
732,2015-11-24,13.9,13.85
733,2015-11-25,13.65,13.65
734,2015-11-30,14.04,13.69
735,2015-12-01,13.75,13.78
736,2015-12-02,13.68,13.63
737,2015-12-03,13.66,13.65
738,2015-12-04,13.9,13.82
739,2015-12-07,13.59,13.59
740,2015-12-08,13.69,13.77
741,2015-12-09,13.8,13.78
742,2015-12-10,13.78,13.79
743,2015-12-11,13.95,14.06
744,2015-12-14,14.04,14.02
745,2015-12-15,13.71,13.71
746,2015-12-16,13.79,13.86
747,2015-12-17,13.6,13.63
748,2015-12-18,13.9,14.02
749,2015-12-21,14.26,14.27
750,2015-12-22,14.21,13.96
751,2015-12-23,13.97,14.1
752,2015-12-24,14.15,14.15
753,2015-12-28,14.24,13.93
754,2015-12-29,14.12,14.24
755,2015-12-31,14.19,14.27
756,2016-01-04,14.5,13.86
757,2016-01-06,13.84,13.91
758,2016-01-07,13.33,13.45
759,2016-01-08,13.4,13.44
760,2016-01-11,13.38,13.17
761,2016-01-12,13.1,13.06
762,2016-01-13,13.02,12.99
763,2016-01-14,13.17,13.13
764,2016-01-15,12.97,12.97
765,2016-01-19,14.58,14.39
766,2016-01-20,13.24,13.24
767,2016-01-21,13.25,13.21
768,2016-01-22,13.33,13.35
769,2016-01-25,13.82,13.28
770,2016-01-26,13.47,13.47
771,2016-01-27,13.72,13.62
772,2016-02-01,13.61,13.72
773,2016-02-02,13.66,13.56
774,2016-02-04,14.11,14.09
775,2016-02-05,13.86,13.85
776,2016-02-08,14.2,13.89
777,2016-02-09,13.41,13.51
778,2016-02-10,13.22,13.22
779,2016-02-11,13.39,13.38
780,2016-02-12,13.8,13.49
781,2016-02-17,13.3,13.83
782,2016-02-18,13.82,13.82
783,2016-02-19,13.79,13.79
784,2016-02-22,14.04,14.14
785,2016-02-23,14.02,14.06
786,2016-02-24,13.83,14.12
787,2016-02-25,13.97,13.84
788,2016-02-26,14.3,14.1
789,2016-02-29,14.38,14.09
790,2016-03-01,14.29,14.29
791,2016-03-02,14.45,14.46
792,2016-03-03,14.58,14.68
793,2016-03-04,14.88,14.99
794,2016-03-07,15.14,15.15
795,2016-03-08,14.92,14.78
796,2016-03-09,14.9,14.91
797,2016-03-10,14.83,14.73
798,2016-03-11,14.95,14.91
799,2016-03-14,15.47,14.94
800,2016-03-15,14.9,14.92
801,2016-03-16,15.09,15.09
802,2016-03-17,15.24,15.3
803,2016-03-18,15.38,15.33
804,2016-03-21,15.25,15.29
805,2016-03-22,15.17,15.25
806,2016-03-23,14.93,14.85
807,2016-03-24,14.8,14.8
808,2016-03-28,14.88,14.88
809,2016-03-29,14.73,14.7
810,2016-03-30,14.63,14.53
811,2016-04-01,14.46,14.4
812,2016-04-04,14.37,14.37
813,2016-04-05,14.28,14.28
814,2016-04-06,14.21,14.21
815,2016-04-07,14.05,13.79
816,2016-04-08,13.87,13.87
817,2016-04-11,13.75,13.91
818,2016-04-12,13.95,14.31
819,2016-04-13,14.41,14.49
820,2016-04-14,14.54,14.53
821,2016-04-15,14.34,14.39
822,2016-04-18,14.59,14.49
823,2016-04-19,14.61,14.83
824,2016-04-20,14.71,14.81
825,2016-04-21,15.02,14.99
826,2016-04-22,15.12,15.01
827,2016-04-25,15.05,14.89
828,2016-04-27,14.75,14.75
829,2016-04-28,14.8,14.79
830,2016-04-29,15.05,15.06
831,2016-05-02,15.07,15.04
832,2016-05-03,14.72,14.73
833,2016-05-04,14.46,14.51
834,2016-05-05,14.25,14.25
835,2016-05-06,14.15,14.22
836,2016-05-10,13.88,13.87
837,2016-05-12,14.04,13.81
838,2016-05-13,13.75,13.9
839,2016-05-16,13.9,13.87
840,2016-05-17,13.76,13.75
841,2016-05-18,13.74,13.77
842,2016-05-19,13.66,13.7
843,2016-05-20,13.7,13.61
844,2016-05-23,13.56,13.56
845,2016-05-24,13.71,13.71
846,2016-05-25,13.79,13.94
847,2016-05-26,14.04,13.99
848,2016-05-27,14.03,13.96
849,2016-05-31,13.91,13.91
850,2016-06-01,13.68,13.75
851,2016-06-02,13.74,13.76
852,2016-06-03,13.97,13.99
853,2016-06-06,14.18,14.04
854,2016-06-07,13.7,13.64
855,2016-06-08,13.72,13.64
856,2016-06-09,13.46,13.48
857,2016-06-10,13.48,13.48
858,2016-06-15,13.91,13.87
859,2016-06-17,13.65,13.65
860,2016-06-20,13.82,13.82
861,2016-06-21,14.03,13.98
862,2016-06-22,14.19,14.12
863,2016-06-23,14.18,14.25
864,2016-06-24,14.01,13.91
865,2016-06-27,13.92,13.99
866,2016-06-28,13.9,14.4
867,2016-06-29,14.31,14.41
868,2016-06-30,14.38,14.5
869,2016-07-01,14.5,14.74
870,2016-07-05,14.59,14.37
871,2016-07-06,14.15,14.19
872,2016-07-07,14.0,13.94
873,2016-07-11,14.1,14.2
874,2016-07-12,14.48,14.62
875,2016-07-13,14.84,14.8
876,2016-07-14,14.75,14.71
877,2016-07-15,14.88,15.03
878,2016-07-18,14.81,14.81
879,2016-07-19,14.93,14.92
880,2016-07-20,14.84,14.86
881,2016-07-21,14.87,14.87
882,2016-07-22,14.99,14.62
883,2016-07-25,14.63,14.71
884,2016-07-26,14.58,14.7
885,2016-07-27,14.55,14.5
886,2016-07-28,14.67,14.59
887,2016-07-29,14.64,14.61
888,2016-08-01,14.89,14.58
889,2016-08-02,14.68,14.49
890,2016-08-03,14.38,14.55
891,2016-08-05,14.23,14.22
892,2016-08-09,14.31,14.21
893,2016-08-10,14.75,14.4
894,2016-08-11,14.42,14.41
895,2016-08-12,14.2,14.04
896,2016-08-15,14.05,14.19
897,2016-08-16,14.16,14.32
898,2016-08-19,14.34,14.4
899,2016-08-22,13.01,14.09
900,2016-08-23,13.92,13.88
901,2016-08-24,13.74,13.76
902,2016-08-26,13.64,13.65
903,2016-08-29,13.7,13.64
904,2016-08-30,13.63,13.63
905,2016-08-31,13.74,13.7
906,2016-09-02,13.7,13.7
907,2016-09-06,13.62,13.91
908,2016-09-07,13.85,13.85
909,2016-09-08,13.78,13.79
910,2016-09-09,13.79,13.63
911,2016-09-12,13.62,13.81
912,2016-09-13,13.69,13.78
913,2016-09-15,13.82,14.14
914,2016-09-16,14.17,14.2
915,2016-09-19,14.17,14.17
916,2016-09-21,14.16,14.15
917,2016-09-22,14.3,14.38
918,2016-09-23,13.94,14.49
919,2016-09-26,14.49,14.37
920,2016-09-28,14.3,14.3
921,2016-09-29,14.35,14.35
922,2016-09-30,14.5,14.5
923,2016-10-03,14.85,14.39
924,2016-10-04,14.22,14.22
925,2016-10-05,14.22,14.23
926,2016-10-06,14.18,14.18
927,2016-10-07,14.2,14.28
928,2016-10-10,14.28,14.38
929,2016-10-13,14.04,13.99
930,2016-10-14,13.84,13.86
931,2016-10-17,13.82,13.84
932,2016-10-19,13.76,13.78
933,2016-10-20,13.75,13.79
934,2016-10-24,13.83,13.7
935,2016-10-25,14.06,14.07
936,2016-10-26,14.07,14.08
937,2016-10-27,14.2,14.2
938,2016-10-28,14.36,14.38
939,2016-10-31,14.41,14.45
940,2016-11-01,14.56,14.59
941,2016-11-02,14.49,14.54
942,2016-11-03,14.7,14.67
943,2016-11-04,14.9,14.85
944,2016-11-07,14.97,15.16
945,2016-11-08,15.3,15.63
946,2016-11-09,16.17,16.1
947,2016-11-10,16.71,16.7
948,2016-11-11,17.39,16.55
949,2016-11-14,16.88,16.45
950,2016-11-15,16.08,16.39
951,2016-11-16,16.34,16.16
952,2016-11-17,16.35,16.37
953,2016-11-18,16.07,16.33
954,2016-11-21,16.5,16.58
955,2016-11-22,16.41,16.76
956,2016-11-23,16.73,17.2
957,2016-11-25,17.3,17.61
958,2016-11-28,19.0,17.41
959,2016-11-29,17.21,17.11
960,2016-11-30,17.26,16.89
961,2016-12-01,17.73,17.3
962,2016-12-02,17.13,17.17
963,2016-12-05,17.6,17.52
964,2016-12-06,17.33,17.53
965,2016-12-07,17.31,17.3
966,2016-12-08,17.23,17.08
967,2016-12-09,17.21,17.3
968,2016-12-12,17.05,17.05
969,2016-12-13,17.0,17.01
970,2016-12-14,16.72,16.99
971,2016-12-15,16.84,16.84
972,2016-12-16,16.75,16.59
973,2016-12-19,16.33,16.21
974,2016-12-20,16.18,16.3
975,2016-12-21,16.3,16.3
976,2016-12-22,16.15,16.39
977,2016-12-23,16.25,16.27
978,2016-12-27,16.27,16.36
979,2016-12-28,16.22,16.29
980,2016-12-29,16.37,16.26
981,2016-12-30,16.3,16.35
982,2017-01-03,16.84,16.24
983,2017-01-04,18.0,16.64
984,2017-01-05,16.54,16.48
985,2017-01-06,16.39,16.47
986,2017-01-09,16.57,16.59
987,2017-01-10,17.01,17.04
988,2017-01-11,17.02,16.89
989,2017-01-12,17.31,17.33
990,2017-01-13,17.34,17.59
991,2017-01-17,17.96,17.13
992,2017-01-18,17.13,17.12
993,2017-01-19,17.0,17.0
994,2017-01-20,17.22,17.14
995,2017-01-23,17.15,17.33
996,2017-01-24,17.61,17.73
997,2017-01-25,17.64,17.73
998,2017-01-26,17.72,17.47
999,2017-01-27,17.58,17.62
1000,2017-01-30,17.5,17.42
1001,2017-01-31,17.63,17.78
1002,2017-02-01,17.82,17.68
1003,2017-02-02,17.49,17.46
1004,2017-02-03,17.27,17.14
1005,2017-02-06,17.19,17.19
1006,2017-02-07,17.16,17.21
1007,2017-02-08,17.51,17.51
1008,2017-02-09,17.54,17.26
1009,2017-02-10,17.8,18.1
1010,2017-02-13,18.48,18.26
1011,2017-02-14,18.53,17.87
1012,2017-02-15,17.9,18.09
1013,2017-02-16,18.03,17.83
1014,2017-02-17,17.69,17.71
1015,2017-02-21,17.98,17.97
1016,2017-02-22,17.94,17.89
1017,2017-02-23,17.75,17.31
1018,2017-02-24,17.28,17.51
1019,2017-02-27,17.48,17.54
1020,2017-02-28,17.58,17.59
1021,2017-03-01,17.94,17.75
1022,2017-03-02,17.58,17.53
1023,2017-03-03,16.12,17.67
1024,2017-03-06,17.5,17.35
1025,2017-03-07,17.34,17.07
1026,2017-03-08,17.11,16.94
1027,2017-03-09,16.85,16.91
1028,2017-03-10,16.91,16.95
1029,2017-03-13,17.04,17.15
1030,2017-03-14,17.2,17.21
1031,2017-03-15,17.36,17.42
1032,2017-03-16,16.91,17.39
1033,2017-03-17,17.5,17.59
1034,2017-03-20,17.57,17.31
1035,2017-03-21,17.21,17.06
1036,2017-03-22,16.99,17.24
1037,2017-03-23,17.15,17.28
1038,2017-03-24,17.19,17.2
1039,2017-03-27,16.86,17.13
1040,2017-03-28,17.15,17.42
1041,2017-03-29,17.45,17.39
1042,2017-03-30,17.55,17.43
1043,2017-03-31,17.09,17.31
1044,2017-04-03,17.3,17.0
1045,2017-04-04,17.01,17.11
1046,2017-04-05,17.5,17.51
1047,2017-04-06,17.46,17.36
1048,2017-04-07,17.12,17.26
1049,2017-04-10,16.98,17.04
1050,2017-04-11,17.15,17.06
1051,2017-04-12,16.89,16.64
1052,2017-04-13,16.73,16.75
1053,2017-04-17,16.98,16.94
1054,2017-04-18,16.66,16.57
1055,2017-04-19,16.71,16.55
1056,2017-04-20,16.66,16.64
1057,2017-04-24,16.5,16.69
1058,2017-04-25,16.83,16.96
1059,2017-04-26,16.94,16.94
1060,2017-04-27,16.79,16.81
1061,2017-04-28,16.9,16.9
1062,2017-05-01,16.92,17.27
1063,2017-05-02,17.1,17.1
1064,2017-05-03,16.58,16.4
1065,2017-05-04,16.13,16.3
1066,2017-05-05,16.4,16.44
1067,2017-05-08,16.22,16.09
1068,2017-05-09,16.24,16.12
1069,2017-05-10,16.19,16.27
1070,2017-05-11,16.47,16.36
1071,2017-05-12,16.29,16.42
1072,2017-05-15,16.56,16.45
1073,2017-05-16,16.56,16.64
1074,2017-05-17,16.54,16.53
1075,2017-05-18,16.36,16.43
1076,2017-05-19,16.68,16.82
1077,2017-05-22,16.77,16.84
1078,2017-05-23,16.75,16.79
1079,2017-05-24,16.75,16.81
1080,2017-05-25,16.84,16.87
1081,2017-05-26,16.8,16.66
1082,2017-05-30,16.25,16.61
1083,2017-05-31,16.68,16.76
1084,2017-06-01,16.78,16.85
1085,2017-06-02,16.71,16.7
1086,2017-06-05,16.64,16.6
1087,2017-06-06,16.55,16.55
1088,2017-06-07,16.45,16.67
1089,2017-06-08,16.72,16.85
1090,2017-06-09,17.06,17.06
1091,2017-06-12,16.78,16.9
1092,2017-06-13,16.72,16.83
1093,2017-06-15,16.72,16.64
1094,2017-06-19,16.8,16.8
1095,2017-06-21,16.87,16.82
1096,2017-06-23,16.09,16.99
1097,2017-06-26,17.02,17.02
1098,2017-06-27,17.05,17.07
1099,2017-06-28,17.26,17.24
1100,2017-06-30,17.38,17.46
1101,2017-07-03,17.41,17.27
1102,2017-07-05,17.09,17.13
1103,2017-07-06,17.1,17.2
1104,2017-07-10,17.48,17.05
1105,2017-07-17,17.48,17.61
1106,2017-07-18,17.65,17.65
1107,2017-07-20,17.56,17.56
1108,2017-07-21,17.65,17.52
1109,2017-07-25,17.88,18.27
1110,2017-07-26,18.55,18.57
1111,2017-07-27,18.67,18.54
1112,2017-07-28,18.51,18.59
1113,2017-07-31,18.6,18.64
1114,2017-08-01,18.65,18.57
1115,2017-08-02,18.69,18.61
1116,2017-08-03,18.6,18.58
1117,2017-08-04,18.6,18.62
1118,2017-08-07,18.76,18.74
1119,2017-08-08,18.98,18.93
1120,2017-08-09,18.83,18.83
1121,2017-08-10,18.72,18.73
1122,2017-08-11,18.81,18.79
1123,2017-08-14,18.76,18.76
1124,2017-08-15,18.64,18.64
1125,2017-08-16,18.86,19.19
1126,2017-08-17,19.07,18.71
1127,2017-08-18,18.87,18.92
1128,2017-08-21,19.19,19.24
1129,2017-08-22,19.39,19.3
1130,2017-08-23,19.36,19.28
1131,2017-08-24,19.33,19.63
1132,2017-08-25,19.65,19.63
1133,2017-08-28,19.86,19.85
1134,2017-08-29,20.0,19.96
1135,2017-08-30,19.86,19.81
1136,2017-08-31,19.87,19.8
1137,2017-09-01,19.87,19.95
1138,2017-09-05,20.28,20.04
1139,2017-09-06,20.16,20.2
1140,2017-09-07,20.17,20.13
1141,2017-09-08,19.8,19.5
1142,2017-09-11,19.62,19.73
1143,2017-09-12,19.8,19.46
1144,2017-09-13,19.18,19.07
1145,2017-09-14,18.96,18.95
1146,2017-09-15,18.9,18.95
1147,2017-09-18,19.04,19.04
1148,2017-09-19,19.01,19.05
1149,2017-09-20,18.97,18.98
1150,2017-09-21,18.76,18.82
1151,2017-09-22,18.83,18.88
1152,2017-09-25,18.79,18.83
1153,2017-09-26,18.75,18.74
1154,2017-09-27,18.75,18.75
1155,2017-09-29,19.07,18.95
1156,2017-10-02,18.94,18.93
1157,2017-10-04,19.05,18.97
1158,2017-10-05,19.34,19.5
1159,2017-10-06,19.4,19.48
1160,2017-10-09,19.5,19.5
1161,2017-10-10,19.45,19.68
1162,2017-10-11,19.75,19.87
1163,2017-10-12,20.0,20.05
1164,2017-10-13,20.11,20.04
1165,2017-10-16,20.68,20.75
1166,2017-10-17,20.62,20.54
1167,2017-10-18,20.43,20.39
1168,2017-10-19,20.25,20.37
1169,2017-10-20,20.49,20.25
1170,2017-10-23,20.31,20.4
1171,2017-10-24,20.43,20.57
1172,2017-10-25,20.38,20.38
1173,2017-10-26,20.34,20.43
1174,2017-10-27,19.81,19.98
1175,2017-10-30,19.96,20.01
1176,2017-10-31,19.86,19.9
1177,2017-11-01,20.14,20.08
1178,2017-11-02,20.11,20.14
1179,2017-11-03,20.04,20.06
1180,2017-11-06,20.32,20.34
1181,2017-11-07,20.02,19.82
1182,2017-11-08,19.97,19.92
1183,2017-11-09,19.78,19.89
1184,2017-11-10,19.9,19.75
1185,2017-11-13,20.08,20.09
1186,2017-11-14,20.0,19.64
1187,2017-11-15,20.0,19.65
1188,2017-11-16,19.66,19.66
1189,2017-11-17,19.71,19.78
1190,2017-11-20,19.66,19.89
1191,2017-11-21,20.13,20.15
1192,2017-11-22,20.17,20.2
1193,2017-11-24,20.56,20.42
1194,2017-11-27,20.27,20.13
1195,2017-11-28,19.89,19.82
1196,2017-11-29,19.66,19.61
1197,2017-11-30,19.72,19.66
1198,2017-12-01,19.63,19.75
1199,2017-12-04,19.73,19.64
1200,2017-12-05,19.62,18.88
1201,2017-12-06,18.99,18.98
1202,2017-12-07,20.42,18.92
1203,2017-12-08,19.01,19.05
1204,2017-12-11,19.23,19.22
1205,2017-12-12,19.24,19.31
1206,2017-12-13,19.45,19.58
1207,2017-12-14,19.49,19.56
1208,2017-12-15,19.73,20.0
1209,2017-12-18,19.97,20.07
1210,2017-12-19,20.09,20.05
1211,2017-12-20,20.42,20.41
1212,2017-12-21,20.45,20.55
1213,2017-12-22,20.63,20.7
1214,2017-12-26,20.91,20.89
1215,2017-12-27,21.03,20.94
1216,2017-12-28,21.09,21.16
1217,2017-12-29,21.11,21.06
1218,2018-01-02,21.07,20.92
1219,2018-01-03,20.81,20.81
1220,2018-01-04,20.75,20.78
1221,2018-01-05,20.61,20.62
1222,2018-01-08,20.64,20.64
1223,2018-01-09,20.67,20.53
1224,2018-01-10,20.68,20.65
1225,2018-01-11,20.7,20.61
1226,2018-01-12,20.69,20.59
1227,2018-01-16,20.43,20.51
1228,2018-01-17,20.31,20.33
1229,2018-01-18,20.46,20.42
1230,2018-01-19,20.33,20.34
1231,2018-01-22,20.43,20.45
1232,2018-01-23,20.02,19.94
1233,2018-01-24,20.46,20.6
1234,2018-01-25,20.67,20.47
1235,2018-01-26,20.32,20.46
1236,2018-01-29,20.39,20.43
1237,2018-01-30,20.37,20.35
1238,2018-01-31,20.53,20.45
1239,2018-02-01,20.44,20.52
1240,2018-02-02,20.59,20.26
1241,2018-02-05,20.55,20.46
1242,2018-02-06,20.44,20.46
1243,2018-02-07,20.08,19.78
1244,2018-02-08,19.88,19.62
1245,2018-02-09,19.62,19.5
1246,2018-02-12,19.7,19.79
1247,2018-02-13,20.1,20.28
1248,2018-02-14,20.37,20.69
1249,2018-02-15,20.72,20.7
1250,2018-02-16,20.65,20.65
1251,2018-02-20,20.55,20.43
1252,2018-02-21,20.42,20.5
1253,2018-02-22,20.62,20.62
1254,2018-02-23,20.5,20.54
1255,2018-02-26,20.52,20.55
1256,2018-02-27,20.36,20.25
1257,2018-02-28,20.15,19.96
1258,2018-03-01,19.75,19.94
1259,2018-03-02,19.88,19.95
1260,2018-03-05,19.9,19.84
1261,2018-03-06,20.1,20.05
1262,2018-03-07,19.96,19.98
1263,2018-03-08,19.59,19.61
1264,2018-03-09,19.87,20.0
1265,2018-03-12,19.97,19.85
1266,2018-03-13,19.96,19.97
1267,2018-03-14,20.19,20.12
1268,2018-03-15,19.85,19.95
1269,2018-03-16,19.85,19.75
1270,2018-03-19,19.77,19.56
1271,2018-03-20,19.35,19.37
1272,2018-03-21,19.41,19.65
1273,2018-03-22,19.36,19.3
1274,2018-03-23,19.21,19.05
1275,2018-03-26,19.04,19.04
1276,2018-03-27,19.02,19.04
1277,2018-03-28,19.09,19.12
1278,2018-03-29,19.38,19.2
1279,2018-04-02,19.49,19.41
1280,2018-04-03,19.42,19.5
1281,2018-04-04,19.17,19.2
1282,2018-04-05,19.37,19.37
1283,2018-04-06,19.34,19.42
1284,2018-04-09,19.59,19.55
1285,2018-04-10,19.91,19.95
1286,2018-04-11,19.93,19.85
1287,2018-04-12,19.4,19.5
1288,2018-04-13,19.55,19.56
1289,2018-04-16,19.79,19.7
1290,2018-04-17,19.57,19.64
1291,2018-04-18,20.16,20.15
1292,2018-04-19,19.96,19.96
1293,2018-04-20,19.96,20.02
1294,2018-04-23,20.22,19.81
1295,2018-04-24,20.08,20.05
1296,2018-04-25,20.02,20.0
1297,2018-04-26,19.96,19.92
1298,2018-04-27,19.44,19.53
1299,2018-04-30,19.46,19.5
1300,2018-05-01,19.28,19.36
1301,2018-05-02,19.43,19.45
1302,2018-05-03,19.56,19.61
1303,2018-05-04,19.47,19.54
1304,2018-05-07,19.69,19.55
1305,2018-05-08,19.36,19.49
1306,2018-05-09,19.4,19.41
1307,2018-05-10,19.68,19.75
1308,2018-05-11,19.73,19.76
1309,2018-05-14,19.6,19.62
1310,2018-05-15,19.36,19.36
1311,2018-05-16,19.42,19.53
1312,2018-05-17,19.57,19.57
1313,2018-05-23,19.53,19.49
1314,2018-05-24,19.48,19.69
1315,2018-05-29,19.5,19.42
1316,2018-05-30,19.33,19.55
1317,2018-06-01,19.58,19.65
1318,2018-06-04,19.8,19.98
1319,2018-06-05,20.12,20.41
1320,2018-06-06,20.64,20.78
1321,2018-06-07,20.95,20.7
1322,2018-06-08,20.91,20.92
1323,2018-06-11,20.8,20.65
1324,2018-06-12,20.63,20.59
1325,2018-06-13,20.66,20.73
1326,2018-06-14,20.54,20.42
1327,2018-06-15,20.16,19.93
1328,2018-06-18,19.83,19.87
1329,2018-06-19,19.34,19.35
1330,2018-06-20,19.31,19.33
1331,2018-06-21,19.3,19.26
1332,2018-06-22,19.22,19.27
1333,2018-06-25,19.17,18.93
1334,2018-06-26,18.97,19.05
1335,2018-06-27,18.96,18.89
1336,2018-06-28,18.72,18.74
1337,2018-06-29,18.74,18.71
1338,2018-07-02,18.57,18.48
1339,2018-07-03,18.58,18.43
1340,2018-07-05,18.05,17.91
1341,2018-07-06,17.92,17.8
1342,2018-07-09,18.06,18.15
1343,2018-07-10,17.89,17.89
1344,2018-07-11,17.87,17.38
1345,2018-07-12,17.57,17.57
1346,2018-07-13,17.58,17.56
1347,2018-07-16,17.44,17.54
1348,2018-07-17,17.37,17.38
1349,2018-07-18,17.32,17.47
1350,2018-07-19,17.05,17.1
1351,2018-07-20,17.3,17.38
1352,2018-07-23,17.4,17.3
1353,2018-07-24,17.72,17.7
1354,2018-07-25,17.85,18.05
1355,2018-07-26,17.75,17.7
1356,2018-07-27,17.75,17.64
1357,2018-07-30,17.64,17.65
1358,2018-07-31,17.74,17.9
1359,2018-08-01,17.46,17.29
1360,2018-08-02,17.24,17.25
1361,2018-08-03,17.36,17.41
1362,2018-08-06,17.25,17.22
1363,2018-08-07,17.41,17.41
1364,2018-08-08,17.4,17.4
1365,2018-08-09,17.59,17.45
1366,2018-08-10,17.35,17.32
1367,2018-08-13,17.44,17.28
1368,2018-08-14,17.03,16.96
1369,2018-08-15,16.75,16.32
1370,2018-08-16,16.45,16.46
1371,2018-08-17,16.56,16.82
1372,2018-08-20,16.87,16.85
1373,2018-08-21,16.99,16.94
1374,2018-08-22,16.98,16.88
1375,2018-08-24,17.01,17.03
1376,2018-08-27,17.25,17.07
1377,2018-08-28,17.25,17.17
1378,2018-08-29,17.16,17.05
1379,2018-08-30,16.95,16.88
1380,2018-08-31,16.87,16.72
1381,2018-09-04,16.29,16.34
1382,2018-09-05,16.36,16.42
1383,2018-09-06,16.58,16.54
1384,2018-09-07,16.56,16.38
1385,2018-09-10,16.52,16.46
1386,2018-09-11,16.28,16.44
1387,2018-09-12,16.49,16.83
1388,2018-09-13,17.03,16.82
1389,2018-09-14,16.75,16.44
1390,2018-09-17,16.54,16.58
1391,2018-09-18,17.09,17.15
1392,2018-09-19,17.16,17.12
1393,2018-09-20,17.11,17.32
1394,2018-09-21,17.73,17.85
1395,2018-09-24,17.97,17.71
1396,2018-09-25,17.83,17.67
1397,2018-09-26,17.72,17.7
1398,2018-09-27,17.46,17.43
1399,2018-09-28,17.56,17.58
1400,2018-10-01,17.35,17.48
1401,2018-10-02,17.81,17.58
1402,2018-10-03,17.57,17.73
1403,2018-10-04,17.88,17.47
1404,2018-10-05,17.45,17.34
1405,2018-10-08,17.35,17.42
1406,2018-10-09,17.39,17.63
1407,2018-10-10,17.64,17.32
1408,2018-10-11,17.37,17.36
1409,2018-10-12,17.69,17.68
1410,2018-10-15,17.68,17.49
1411,2018-10-16,17.5,17.43
1412,2018-10-17,17.5,17.37
1413,2018-10-18,17.19,17.15
1414,2018-10-19,17.31,17.46
1415,2018-10-22,17.58,17.44
1416,2018-10-23,17.22,17.34
1417,2018-10-24,17.29,17.25
1418,2018-10-25,17.27,17.32
1419,2018-10-26,17.12,17.19
1420,2018-10-29,17.29,16.97
1421,2018-10-30,16.85,16.77
1422,2018-10-31,16.79,16.68
1423,2018-11-01,16.8,17.05
1424,2018-11-02,17.47,17.64
1425,2018-11-05,17.4,17.27
1426,2018-11-06,17.28,17.14
1427,2018-11-07,17.15,17.18
1428,2018-11-08,17.12,17.12
1429,2018-11-09,16.24,16.84
1430,2018-11-12,16.83,16.77
1431,2018-11-13,16.92,16.79
1432,2018-11-14,16.95,17.06
1433,2018-11-15,17.22,17.27
1434,2018-11-16,17.33,17.5
1435,2018-11-19,17.5,17.49
1436,2018-11-20,17.52,17.23
1437,2018-11-21,17.49,17.48
1438,2018-11-23,17.37,17.34
1439,2018-11-26,17.27,17.23
1440,2018-11-27,17.15,17.05
1441,2018-11-28,17.25,17.49
1442,2018-11-29,17.43,17.39
1443,2018-11-30,17.33,17.42
1444,2018-12-03,17.81,17.65
1445,2018-12-04,17.4,17.2
1446,2018-12-06,17.04,17.16
1447,2018-12-07,17.18,17.23
1448,2018-12-10,17.1,16.99
1449,2018-12-11,17.26,17.25
1450,2018-12-12,17.22,17.23
1451,2018-12-13,17.42,17.27
1452,2018-12-14,17.12,17.22
1453,2018-12-17,17.08,17.12
1454,2018-12-18,16.82,16.62
1455,2018-12-19,16.65,16.66
1456,2018-12-20,16.48,16.78
1457,2018-12-21,16.77,16.64
1458,2018-12-24,16.6,16.62
1459,2018-12-26,16.9,16.88
1460,2018-12-27,16.66,16.76
1461,2018-12-28,16.75,16.73
1462,2018-12-31,16.6,16.44
1463,2019-01-02,16.26,16.28
1464,2019-01-03,16.15,16.1
1465,2019-01-04,16.26,16.52
1466,2019-01-07,16.52,16.45
1467,2019-01-08,16.46,16.57
1468,2019-01-09,16.67,16.67
1469,2019-01-10,16.5,16.51
1470,2019-01-11,16.55,16.6
1471,2019-01-14,16.45,16.43
1472,2019-01-15,16.54,16.55
1473,2019-01-16,16.68,16.74
1474,2019-01-17,16.58,16.88
1475,2019-01-18,16.94,16.98
1476,2019-01-22,16.72,16.62
1477,2019-01-23,16.66,16.66
1478,2019-01-24,16.6,16.56
1479,2019-01-25,16.96,17.07
1480,2019-01-28,16.85,16.84
1481,2019-01-29,17.04,17.01
1482,2019-01-30,17.31,17.37
1483,2019-01-31,17.47,17.37
1484,2019-02-01,17.45,17.32
1485,2019-02-04,17.29,17.54
1486,2019-02-05,17.65,17.64
1487,2019-02-06,17.78,17.68
1488,2019-02-07,17.77,17.72
1489,2019-02-08,17.69,17.58
1490,2019-02-11,17.47,17.43
1491,2019-02-12,17.31,17.36
1492,2019-02-13,17.36,17.35
1493,2019-02-14,17.3,17.36
1494,2019-02-15,17.42,17.59
1495,2019-02-19,17.77,17.97
1496,2019-02-20,18.08,18.23
1497,2019-02-21,18.16,18.17
1498,2019-02-22,18.34,18.44
1499,2019-02-25,18.47,18.42
1500,2019-02-26,18.44,18.43
1501,2019-02-27,18.6,18.55
1502,2019-02-28,18.52,18.41
1503,2019-03-01,18.57,18.26
1504,2019-03-04,18.28,18.22
1505,2019-03-05,18.37,18.37
1506,2019-03-06,18.32,18.29
1507,2019-03-07,18.2,18.24
1508,2019-03-08,18.05,18.14
1509,2019-03-11,18.12,18.19
1510,2019-03-12,18.48,18.34
1511,2019-03-13,18.33,18.34
1512,2019-03-14,18.18,18.09
1513,2019-03-15,18.17,18.21
1514,2019-03-18,18.27,18.23
1515,2019-03-19,18.28,18.27
1516,2019-03-20,18.28,18.34
1517,2019-03-21,18.28,18.21
1518,2019-03-22,18.04,17.84
1519,2019-03-25,17.78,17.86
1520,2019-03-26,17.91,17.88
1521,2019-03-27,17.92,17.89
1522,2019-03-28,17.96,18.0
1523,2019-03-29,18.4,18.32
1524,2019-04-01,18.4,18.3
1525,2019-04-02,18.27,18.19
1526,2019-04-03,18.27,18.41
1527,2019-04-04,18.23,18.25
1528,2019-04-05,18.19,18.1
1529,2019-04-08,18.31,18.35
1530,2019-04-09,18.5,18.39
1531,2019-04-10,18.34,18.34
1532,2019-04-11,18.21,18.13
1533,2019-04-12,18.42,18.41
1534,2019-04-15,18.37,18.4
1535,2019-04-16,18.4,18.38
1536,2019-04-17,18.72,18.57
1537,2019-04-18,18.41,18.3
1538,2019-04-22,18.14,18.19
1539,2019-04-23,18.09,18.16
1540,2019-04-24,18.19,18.27
1541,2019-04-25,18.08,17.92
1542,2019-04-26,18.01,18.11
1543,2019-04-29,18.04,18.14
1544,2019-04-30,18.28,18.18
1545,2019-05-01,17.84,17.48
1546,2019-05-02,17.37,17.41
1547,2019-05-03,17.6,17.64
1548,2019-05-06,17.56,17.79
1549,2019-05-07,17.51,17.43
1550,2019-05-08,17.31,17.34
1551,2019-05-09,17.16,17.3
1552,2019-05-10,17.22,17.36
1553,2019-05-13,17.04,16.99
1554,2019-05-14,17.0,17.01
1555,2019-05-15,17.07,17.16
1556,2019-05-16,17.27,17.17
1557,2019-05-17,17.12,17.08
1558,2019-05-20,17.06,17.06
1559,2019-05-21,17.0,17.0
1560,2019-05-22,16.8,16.73
1561,2019-05-23,16.7,16.79
1562,2019-05-24,16.91,16.91
1563,2019-05-28,16.87,16.84
1564,2019-05-29,16.71,16.67
1565,2019-05-30,16.56,16.56
1566,2019-05-31,16.48,16.47
1567,2019-06-03,16.57,16.62
1568,2019-06-04,16.54,16.67
1569,2019-06-05,16.42,16.41
1570,2019-06-06,16.5,16.53
1571,2019-06-07,16.27,16.37
1572,2019-06-10,16.55,16.65
1573,2019-06-11,16.92,16.72
1574,2019-06-12,16.61,16.54
1575,2019-06-13,16.6,16.61
1576,2019-06-14,16.48,16.43
1577,2019-06-17,16.5,16.57
1578,2019-06-18,16.78,16.93
1579,2019-06-19,16.78,16.82
1580,2019-06-20,17.06,16.99
1581,2019-06-21,16.9,16.83
1582,2019-06-24,16.87,16.95
1583,2019-06-25,17.08,17.09
1584,2019-06-26,17.04,16.97
1585,2019-06-27,16.93,17.01
1586,2019-06-28,17.0,16.96
1587,2019-07-01,16.94,16.77
1588,2019-07-02,16.68,16.66
1589,2019-07-03,16.69,16.75
1590,2019-07-05,16.65,16.65
1591,2019-07-08,16.72,16.64
1592,2019-07-09,16.5,16.44
1593,2019-07-10,16.71,16.82
1594,2019-07-11,16.82,16.8
1595,2019-07-12,16.75,16.86
1596,2019-07-15,17.01,16.96
1597,2019-07-16,16.99,16.89
1598,2019-07-17,16.85,16.96
1599,2019-07-18,17.0,17.02
1600,2019-07-19,17.4,17.17
1601,2019-07-22,17.1,17.03
1602,2019-07-23,16.99,16.91
1603,2019-07-24,16.93,16.99
1604,2019-07-25,17.03,16.96
1605,2019-07-26,16.92,16.85
1606,2019-07-29,16.99,17.03
1607,2019-07-30,16.84,16.78
1608,2019-07-31,16.71,16.7
1609,2019-08-01,16.66,16.46
1610,2019-08-02,16.33,16.12
1611,2019-08-05,15.92,16.01
1612,2019-08-06,16.06,16.08
1613,2019-08-07,15.98,16.21
1614,2019-08-08,16.33,16.29
1615,2019-08-09,16.35,16.26
1616,2019-08-12,16.21,16.18
1617,2019-08-13,16.13,16.49
1618,2019-08-14,16.32,16.28
1619,2019-08-15,16.25,16.27
1620,2019-08-16,16.2,16.23
1621,2019-08-19,16.33,16.29
1622,2019-08-20,16.24,16.14
1623,2019-08-21,16.18,16.17
1624,2019-08-22,16.13,16.06
1625,2019-08-23,15.98,15.88
1626,2019-08-26,15.93,15.91
1627,2019-08-27,16.02,16.0
1628,2019-08-28,15.97,16.07
1629,2019-08-29,16.12,16.11
1630,2019-08-30,16.11,16.0
1631,2019-09-03,15.7,15.85
1632,2019-09-04,16.11,16.23
1633,2019-09-05,16.45,16.5
1634,2019-09-06,16.48,16.43
1635,2019-09-09,16.45,16.46
1636,2019-09-10,16.33,16.41
1637,2019-09-11,16.41,16.37
1638,2019-09-12,16.32,16.53
1639,2019-09-13,16.83,16.92
1640,2019-09-16,16.64,16.56
1641,2019-09-17,16.44,16.45
1642,2019-09-18,16.37,16.36
1643,2019-09-19,16.37,16.34
1644,2019-09-20,16.34,16.25
1645,2019-09-23,16.25,16.38
1646,2019-09-24,16.32,16.31
1647,2019-09-25,16.38,16.36
1648,2019-09-26,16.33,16.16
1649,2019-09-27,16.24,16.29
1650,2019-09-30,16.26,16.12
1651,2019-10-01,15.9,16.09
1652,2019-10-02,16.1,16.1
1653,2019-10-03,15.96,16.01
1654,2019-10-04,15.89,16.07
1655,2019-10-07,16.79,16.13
1656,2019-10-08,16.13,16.09
1657,2019-10-09,16.07,16.08
1658,2019-10-10,16.36,16.34
1659,2019-10-11,16.42,16.47
1660,2019-10-14,16.4,16.5
1661,2019-10-15,16.38,16.37
1662,2019-10-16,16.18,16.21
1663,2019-10-17,16.36,16.31
1664,2019-10-18,16.49,16.53
1665,2019-10-21,16.58,16.58
1666,2019-10-22,16.6,16.53
1667,2019-10-23,16.58,16.71
1668,2019-10-24,16.8,16.72
1669,2019-10-25,16.73,16.82
1670,2019-10-28,16.87,16.85
1671,2019-10-29,16.81,16.87
1672,2019-10-30,16.71,16.82
1673,2019-10-31,16.69,16.54
1674,2019-11-01,16.59,16.66
1675,2019-11-04,16.73,16.7
1676,2019-11-05,17.04,16.94
1677,2019-11-06,16.82,16.73
1678,2019-11-07,16.95,17.0
1679,2019-11-08,16.88,16.89
1680,2019-11-11,16.74,16.7
1681,2019-11-12,16.69,16.65
1682,2019-11-13,16.54,16.58
1683,2019-11-14,16.54,16.5
1684,2019-11-15,16.6,16.61
1685,2019-11-18,16.54,16.48
1686,2019-11-19,16.69,16.7
1687,2019-11-20,16.69,16.63
1688,2019-11-21,16.51,16.52
1689,2019-11-22,16.54,16.61
1690,2019-11-25,16.64,16.66
1691,2019-11-26,16.72,16.88
1692,2019-11-27,16.83,16.91
1693,2019-11-29,16.64,16.65
1694,2019-12-02,16.64,16.62
1695,2019-12-03,16.5,16.45
1696,2019-12-04,16.64,16.63
1697,2019-12-05,16.69,16.68
1698,2019-12-06,16.82,17.23
1699,2019-12-09,17.16,17.26
1700,2019-12-10,17.36,17.34
1701,2019-12-11,17.5,17.5
1702,2019-12-12,17.42,17.63
1703,2019-12-13,17.52,17.45
1704,2019-12-16,17.67,17.6
1705,2019-12-17,17.67,17.58
1706,2019-12-18,17.51,17.6
1707,2019-12-19,17.64,17.68
1708,2019-12-20,17.6,17.55
1709,2019-12-23,17.62,17.58
1710,2019-12-24,17.61,17.7
1711,2019-12-26,17.87,17.84
1712,2019-12-27,17.7,17.7
1713,2019-12-30,17.74,17.68
1714,2019-12-31,17.6,17.54
1715,2020-01-02,17.53,17.7
1716,2020-01-03,17.48,17.45
1717,2020-01-06,17.41,17.47
1718,2020-01-07,17.47,17.52
1719,2020-01-08,17.57,17.59
1720,2020-01-09,17.57,17.54
1721,2020-01-10,17.69,17.62
1722,2020-01-13,17.71,17.92
1723,2020-01-14,17.94,17.98
1724,2020-01-15,17.9,17.95
1725,2020-01-16,17.96,17.86
1726,2020-01-17,18.05,17.87
1727,2020-01-21,17.69,17.5
1728,2020-01-22,17.45,17.4
1729,2020-01-23,17.27,17.14
1730,2020-01-24,16.98,16.84
1731,2020-01-27,16.39,16.3
1732,2020-01-28,16.25,16.2
1733,2020-01-29,16.21,16.11
1734,2020-01-30,15.97,15.99
1735,2020-01-31,15.93,15.78
1736,2020-02-03,15.83,15.75
1737,2020-02-04,16.02,15.99
1738,2020-02-05,16.2,16.25
1739,2020-02-06,16.35,16.3
1740,2020-02-07,16.04,16.02
1741,2020-02-10,15.98,16.05
1742,2020-02-11,16.21,16.23
1743,2020-02-12,16.38,16.38
1744,2020-02-13,16.44,16.43
1745,2020-02-14,16.4,16.32
1746,2020-02-18,16.35,16.39
1747,2020-02-19,16.38,16.4
1748,2020-02-20,16.28,16.25
1749,2020-02-21,16.23,16.31
1750,2020-02-24,16.04,16.12
1751,2020-02-25,16.16,16.04
1752,2020-02-26,16.05,16.07
1753,2020-02-27,15.85,16.01
1754,2020-02-28,15.74,15.88
1755,2020-03-02,16.04,16.35
1756,2020-03-03,16.11,16.19
1757,2020-03-04,16.19,16.19
1758,2020-03-05,16.1,16.05
1759,2020-03-06,15.98,16.01
1760,2020-03-09,15.52,15.58
1761,2020-03-10,15.87,15.9
1762,2020-03-11,15.59,15.55
1763,2020-03-12,15.19,15.31
1764,2020-03-13,15.75,15.57
1765,2020-03-16,14.6,14.92
1766,2020-03-17,14.74,14.5
1767,2020-03-18,13.39,13.5
1768,2020-03-19,13.49,13.54
1769,2020-03-20,13.9,13.32
1770,2020-03-23,13.13,13.03
1771,2020-03-24,13.87,13.74
1772,2020-03-25,13.64,13.79
1773,2020-03-26,13.68,13.68
1774,2020-03-27,13.59,13.59
1775,2020-03-30,13.57,13.57
1776,2020-03-31,13.74,13.86
1777,2020-04-01,13.5,13.57
1778,2020-04-02,13.48,13.86
1779,2020-04-03,13.72,13.69
1780,2020-04-06,13.77,13.83
1781,2020-04-07,14.32,14.14
1782,2020-04-08,14.14,14.25
1783,2020-04-09,14.3,14.62
1784,2020-04-13,14.87,14.61
1785,2020-04-14,14.86,14.87
1786,2020-04-15,14.68,14.58
1787,2020-04-16,14.55,14.54
1788,2020-04-17,14.92,14.75
1789,2020-04-20,14.71,14.47
1790,2020-04-21,13.75,14.2
1791,2020-04-22,14.38,14.46
1792,2020-04-23,14.65,14.46
1793,2020-04-24,14.95,14.77
1794,2020-04-27,14.78,14.91
1795,2020-04-28,15.19,14.79
1796,2020-04-29,15.34,15.0
1797,2020-04-30,15.0,14.95
1798,2020-05-01,14.94,14.55
1799,2020-05-02,14.55,14.55
1800,2020-05-03,14.55,14.55
1801,2020-05-04,14.84,14.8
1802,2020-05-05,14.7,14.76
1803,2020-05-06,15.0,14.93
1804,2020-05-07,14.9,14.92
1805,2020-05-08,15.33,15.3
1806,2020-05-09,15.3,15.3
1807,2020-05-10,15.3,15.3
1808,2020-05-11,15.2,14.89
1809,2020-05-12,14.88,14.89
1810,2020-05-13,15.05,14.79
1811,2020-05-14,14.63,14.74
1812,2020-05-15,14.84,14.85
1813,2020-05-18,15.11,15.26
1814,2020-05-19,15.31,15.21
1815,2020-05-20,15.43,15.46
1816,2020-05-21,15.55,15.31
1817,2020-05-22,15.1,15.15
1818,2020-05-26,15.22,15.33
1819,2020-05-27,15.21,15.08
1820,2020-05-28,15.79,15.08
1821,2020-05-29,15.31,15.51
1822,2020-06-01,15.38,15.59
1823,2020-06-02,15.74,15.69
1824,2020-06-03,15.65,15.57
1825,2020-06-04,15.58,15.57
1826,2020-06-05,15.95,16.04
1827,2020-06-07,16.04,16.04
1828,2020-06-08,16.0,16.45
1829,2020-06-09,16.22,16.38
1830,2020-06-10,16.59,16.87
1831,2020-06-11,16.53,16.08
1832,2020-06-12,16.32,16.38
1833,2020-06-15,16.24,16.29
1834,2020-06-16,16.4,16.15
1835,2020-06-17,16.21,16.25
1836,2020-06-18,16.41,16.42
1837,2020-06-19,16.65,16.55
1838,2020-06-22,16.51,16.65
1839,2020-06-23,16.64,16.67
1840,2020-06-24,16.76,16.69
1841,2020-06-25,16.64,16.76
1842,2020-06-26,16.81,16.8
1843,2020-06-29,16.93,16.82
1844,2020-06-30,17.0,17.07
1845,2020-07-01,17.15,17.11
1846,2020-07-02,17.23,17.11
1847,2020-07-04,17.11,17.11
1848,2020-07-05,17.11,17.11
1849,2020-07-06,17.29,17.35
1850,2020-07-07,17.29,17.39
1851,2020-07-08,17.61,17.58
1852,2020-07-09,17.92,17.77
1853,2020-07-10,17.86,18.16
1854,2020-07-11,18.16,18.16
1855,2020-07-12,18.16,18.16
1856,2020-07-13,18.45,18.15
1857,2020-07-14,18.15,18.35
1858,2020-07-15,18.26,18.12
1859,2020-07-16,18.0,18.11
1860,2020-07-17,18.11,18.06
1861,2020-07-20,18.13,18.23
1862,2020-07-21,18.42,18.44
1863,2020-07-22,18.17,18.21
1864,2020-07-23,18.33,18.23
1865,2020-07-24,18.12,18.05
1866,2020-07-25,18.05,18.05
1867,2020-07-26,18.05,18.05
1868,2020-07-27,18.04,18.16
1869,2020-07-28,18.1,18.18
1870,2020-07-29,18.2,18.29
1871,2020-07-30,18.2,18.17
1872,2020-07-31,18.13,17.95
1873,2020-08-02,17.95,17.95
1874,2020-08-03,18.19,18.29
1875,2020-08-04,18.05,18.16
1876,2020-08-05,18.25,18.2
1877,2020-08-06,18.14,18.2
1878,2020-08-07,17.91,17.47
1879,2020-08-08,17.47,17.47
1880,2020-08-09,17.47,17.47
1881,2020-08-10,17.89,17.88
1882,2020-08-11,17.93,17.71
1883,2020-08-12,17.93,17.93
1884,2020-08-13,17.74,17.5
1885,2020-08-14,17.77,17.79
1886,2020-08-17,18.1,18.11
1887,2020-08-18,18.36,18.54
1888,2020-08-19,18.75,18.59
1889,2020-08-20,18.44,18.68
1890,2020-08-21,18.2,18.32
1891,2020-08-23,18.32,18.32
1892,2020-08-24,18.28,18.26
1893,2020-08-25,18.26,18.38
1894,2020-08-26,18.43,18.52
1895,2020-08-27,18.69,18.62
1896,2020-08-28,18.75,18.81
1897,2020-08-30,18.81,18.81
1898,2020-08-31,18.9,18.96
1899,2020-09-01,19.04,18.73
1900,2020-09-02,18.69,18.74
1901,2020-09-03,18.63,18.41
1902,2020-09-04,18.8,19.07
1903,2020-09-08,18.69,18.7
1904,2020-09-09,18.84,18.86
1905,2020-09-10,18.89,18.41
1906,2020-09-11,18.78,18.85
1907,2020-09-13,18.85,18.85
1908,2020-09-14,19.01,18.97
1909,2020-09-15,19.04,18.92
1910,2020-09-16,18.92,18.9
1911,2020-09-17,18.77,19.01
1912,2020-09-18,19.04,19.21
1913,2020-09-21,19.07,18.72
1914,2020-09-22,19.09,18.97
1915,2020-09-23,18.7,18.21
1916,2020-09-24,18.09,18.34
1917,2020-09-25,18.3,18.42
1918,2020-09-26,18.42,18.42
1919,2020-09-27,18.42,18.42
1920,2020-09-28,18.48,18.51
1921,2020-09-29,18.42,18.5
1922,2020-09-30,18.72,18.7
1923,2020-10-01,18.35,17.86
1924,2020-10-02,18.03,18.3
1925,2020-10-03,18.3,18.3
1926,2020-10-04,18.3,18.3
1927,2020-10-05,18.08,18.24
1928,2020-10-06,18.33,18.15
1929,2020-10-07,18.69,18.68
1930,2020-10-08,18.73,18.77
1931,2020-10-09,18.98,19.05
1932,2020-10-12,19.09,18.94
1933,2020-10-13,18.8,18.83
1934,2020-10-14,18.79,18.83
1935,2020-10-15,18.7,19.16
1936,2020-10-16,19.0,18.99
1937,2020-10-19,19.07,19.06
1938,2020-10-20,19.24,19.48
1939,2020-10-21,19.62,19.76
1940,2020-10-22,19.57,19.53
1941,2020-10-23,19.48,19.45
1942,2020-10-26,19.17,19.12
1943,2020-10-27,19.21,19.16
1944,2020-10-28,18.97,18.96
1945,2020-10-29,18.97,19.02
1946,2020-10-30,18.98,18.92
1947,2020-11-02,18.95,19.05
1948,2020-11-03,19.27,19.15
1949,2020-11-04,19.14,19.24
1950,2020-11-05,19.25,19.32
1951,2020-11-06,19.56,19.56
1952,2020-11-09,19.88,19.47
1953,2020-11-10,19.27,19.5
1954,2020-11-11,19.36,19.4
1955,2020-11-12,19.42,19.4
1956,2020-11-13,19.7,19.68
1957,2020-11-16,20.01,20.04
1958,2020-11-17,19.94,19.94
1959,2020-11-18,20.0,19.85
1960,2020-11-19,19.83,19.95
1961,2020-11-20,20.3,20.4
1962,2020-11-23,20.32,20.32
1963,2020-11-24,21.0,20.59
1964,2020-11-25,20.57,20.59
1965,2020-11-27,21.09,21.11
1966,2020-11-30,21.45,21.33
1967,2020-12-01,21.71,21.72
1968,2020-12-02,21.4,21.69
1969,2020-12-03,21.8,21.58
1970,2020-12-04,21.73,21.8
1971,2020-12-07,21.71,21.75
1972,2020-12-08,21.79,21.64
1973,2020-12-09,21.64,21.67
1974,2020-12-10,21.72,22.16
1975,2020-12-11,21.81,21.9
1976,2020-12-14,21.85,21.81
1977,2020-12-15,21.82,21.94
1978,2020-12-16,22.07,22.05
1979,2020-12-17,22.44,22.33
1980,2020-12-18,22.4,22.45
1981,2020-12-21,22.42,22.2
1982,2020-12-22,21.81,21.75
1983,2020-12-23,21.99,21.97
1984,2020-12-24,21.91,22.01
1985,2020-12-28,22.19,22.19
1986,2020-12-29,22.11,21.98
1987,2020-12-30,21.95,21.95
1988,2020-12-31,21.85,21.73
1989,2021-01-04,22.35,22.04
1990,2021-01-05,22.23,22.61
1991,2021-01-06,22.59,22.67
1992,2021-01-07,22.87,22.96
1993,2021-01-08,22.86,22.86
1994,2021-01-11,22.06,21.98
1995,2021-01-12,22.36,22.5
1996,2021-01-13,22.42,22.27
1997,2021-01-14,22.57,22.68
1998,2021-01-15,22.28,22.24
1999,2021-01-19,22.53,22.44
2000,2021-01-20,22.6,22.55
2001,2021-01-21,22.65,22.57
2002,2021-01-22,22.22,22.35
2003,2021-01-25,22.35,22.47
2004,2021-01-26,22.37,22.4
2005,2021-01-27,22.0,21.92
2006,2021-01-28,22.07,22.05
2007,2021-01-29,22.19,21.91
2008,2021-02-01,21.98,21.91
2009,2021-02-02,21.71,21.73
2010,2021-02-03,21.81,21.99
2011,2021-02-04,21.95,21.94
2012,2021-02-05,22.18,22.45
2013,2021-02-08,22.58,22.7
2014,2021-02-09,22.92,22.95
2015,2021-02-10,23.33,23.27
2016,2021-02-11,23.3,23.31
2017,2021-02-12,23.15,23.38
2018,2021-02-16,23.63,23.75
2019,2021-02-17,23.52,23.62
2020,2021-02-18,24.02,24.2
2021,2021-02-19,25.0,25.11
2022,2021-02-22,25.55,25.68
2023,2021-02-23,25.5,26.08
2024,2021-02-24,26.14,26.76
2025,2021-02-25,26.85,26.12
2026,2021-02-26,25.74,25.1
2027,2021-03-01,25.5,25.37
2028,2021-03-02,25.71,25.98
2029,2021-03-03,25.51,25.47
2030,2021-03-04,25.02,24.38
2031,2021-03-05,25.14,25.18
2032,2021-03-08,25.0,25.16
2033,2021-03-09,24.64,24.78
2034,2021-03-10,24.81,24.8
2035,2021-03-11,25.24,25.52
2036,2021-03-12,25.29,25.58
2037,2021-03-15,25.51,25.56
2038,2021-03-16,25.15,25.01
2039,2021-03-17,25.27,25.5
2040,2021-03-18,25.26,25.05
2041,2021-03-19,24.99,25.22
2042,2021-03-22,25.4,25.5
2043,2021-03-23,25.3,24.81
2044,2021-03-24,25.0,24.83
2045,2021-03-25,24.5,24.67
2046,2021-03-26,24.9,25.08
2047,2021-03-29,24.94,24.91
2048,2021-03-30,24.59,24.55
2049,2021-03-31,24.61,24.62
2050,2021-04-01,24.68,24.76
2051,2021-04-05,25.31,25.58
2052,2021-04-06,25.42,25.36
2053,2021-04-07,25.07,25.06
2054,2021-04-08,25.15,25.27
2055,2021-04-09,25.1,25.04
2056,2021-04-12,24.82,24.82
2057,2021-04-13,24.95,24.91
2058,2021-04-14,25.19,25.38
2059,2021-04-15,25.94,26.11
2060,2021-04-16,25.99,25.78
2061,2021-04-19,26.33,26.21
2062,2021-04-20,26.25,25.91
2063,2021-04-21,26.17,26.51
2064,2021-04-22,26.41,26.31
2065,2021-04-23,26.61,26.71
2066,2021-04-26,27.23,27.4
2067,2021-04-27,27.6,27.65
2068,2021-04-28,27.5,27.8
2069,2021-04-29,27.78,27.58
2070,2021-04-30,27.72,27.43
2071,2021-05-03,27.7,27.93
2072,2021-05-04,27.89,27.9
2073,2021-05-05,27.78,27.9
2074,2021-05-06,28.2,28.5
2075,2021-05-07,29.02,29.17
2076,2021-05-10,29.56,29.02
2077,2021-05-11,29.13,29.6
2078,2021-05-12,29.18,29.11
2079,2021-05-13,28.93,28.85
2080,2021-05-14,28.75,28.67
2081,2021-05-17,28.85,29.04
2082,2021-05-18,29.33,29.15
2083,2021-05-19,28.38,28.04
2084,2021-05-20,28.25,28.0
2085,2021-05-21,28.0,27.75
2086,2021-05-24,27.72,27.94
2087,2021-05-25,27.8,27.82
2088,2021-05-26,27.75,27.84
2089,2021-05-27,28.17,28.74
2090,2021-05-28,28.43,28.85
2091,2021-06-01,28.69,28.7
2092,2021-06-02,28.47,28.28
2093,2021-06-03,27.67,27.46
2094,2021-06-04,27.92,27.83
2095,2021-06-07,27.71,27.85
2096,2021-06-08,27.63,27.99
2097,2021-06-09,27.89,27.85
2098,2021-06-10,27.58,27.66
2099,2021-06-11,28.17,28.0
2100,2021-06-14,27.84,27.94
2101,2021-06-15,26.88,26.81
2102,2021-06-16,26.72,26.5
2103,2021-06-17,26.41,25.71
2104,2021-06-18,25.59,25.5
2105,2021-06-21,25.5,25.65
2106,2021-06-22,25.89,25.95
2107,2021-06-23,26.48,26.4
2108,2021-06-24,26.38,26.48
2109,2021-06-25,26.4,26.38
2110,2021-06-28,26.29,26.22
2111,2021-06-29,26.09,26.18
2112,2021-06-30,26.48,26.23
2113,2021-07-01,26.4,25.98
2114,2021-07-02,26.2,26.2
2115,2021-07-03,26.2,26.2
2116,2021-07-04,26.2,26.2
2117,2021-07-05,26.2,26.2
2118,2021-07-06,26.2,26.05
2119,2021-07-07,26.6,26.4
2120,2021-07-08,26.1,26.13
2121,2021-07-09,26.5,26.62
2122,2021-07-12,26.28,26.45
2123,2021-07-13,26.22,26.29
2124,2021-07-14,26.25,26.11
2125,2021-07-15,26.3,26.36
2126,2021-07-16,26.45,26.33
2127,2021-07-19,25.92,25.73
2128,2021-07-20,25.81,26.09
2129,2021-07-21,26.09,26.19
2130,2021-07-22,26.5,26.52
2131,2021-07-23,26.69,27.19
2132,2021-07-26,27.87,28.15
2133,2021-07-27,28.03,28.0
2134,2021-07-28,27.54,27.39
2135,2021-07-29,27.65,27.78
2136,2021-07-30,27.81,27.38
2137,2021-08-02,27.59,27.14
2138,2021-08-03,26.67,26.88
2139,2021-08-04,26.74,26.48
2140,2021-08-05,26.62,26.61
2141,2021-08-06,27.04,26.5
2142,2021-08-07,26.5,26.5
2143,2021-08-08,26.5,26.5
2144,2021-08-09,26.28,26.22
2145,2021-08-10,26.36,26.67
2146,2021-08-11,26.7,26.8
2147,2021-08-12,26.68,26.67
2148,2021-08-13,26.87,26.81
2149,2021-08-16,26.68,26.45
2150,2021-08-17,25.97,25.8
2151,2021-08-18,25.45,25.15
2152,2021-08-19,24.74,24.72
2153,2021-08-20,25.0,25.3
2154,2021-08-23,25.75,25.72
2155,2021-08-24,26.2,26.0
2156,2021-08-25,26.27,26.22
2157,2021-08-26,26.16,25.96
2158,2021-08-27,26.25,26.57
2159,2021-08-30,26.87,26.81
2160,2021-08-31,26.77,26.7
2161,2021-09-01,26.1,26.18
2162,2021-09-02,26.1,26.35
2163,2021-09-03,26.43,26.46
2164,2021-09-07,26.33,26.11
2165,2021-09-08,26.01,25.87
2166,2021-09-09,26.27,26.16
2167,2021-09-10,26.99,27.1
2168,2021-09-13,26.87,26.69
2169,2021-09-14,26.57,26.39
2170,2021-09-15,26.7,27.0
2171,2021-09-16,26.39,26.11
2172,2021-09-17,26.5,26.06
2173,2021-09-20,25.4,25.22
2174,2021-09-21,25.0,25.26
2175,2021-09-22,25.94,25.8
2176,2021-09-23,25.8,25.85
2177,2021-09-24,25.9,26.18
2178,2021-09-27,26.24,26.17
2179,2021-09-28,26.15,26.01
2180,2021-09-29,25.86,25.5
2181,2021-09-30,24.97,25.05
2182,2021-10-01,25.45,25.74
2183,2021-10-04,26.24,25.87
2184,2021-10-05,25.48,25.58
2185,2021-10-06,25.49,25.5
2186,2021-10-07,25.76,26.09
2187,2021-10-08,26.2,26.17
2188,2021-10-11,26.72,26.65
2189,2021-10-12,26.87,26.4
2190,2021-10-13,26.91,27.53
2191,2021-10-14,28.25,28.22
2192,2021-10-15,29.04,28.95
2193,2021-10-18,28.89,28.78
2194,2021-10-19,28.77,28.62
2195,2021-10-20,28.68,29.04
2196,2021-10-21,28.1,27.86
2197,2021-10-22,27.79,27.53
2198,2021-10-25,27.64,27.7
2199,2021-10-26,27.64,27.5
2200,2021-10-27,26.9,26.82
2201,2021-10-28,27.15,27.1
2202,2021-10-29,26.9,26.84
2203,2021-11-01,26.71,26.86
2204,2021-11-02,26.88,26.72
2205,2021-11-03,26.66,26.67
2206,2021-11-04,26.68,26.37
2207,2021-11-05,26.47,26.57
2208,2021-11-08,26.77,26.93
2209,2021-11-09,26.84,26.76
2210,2021-11-10,26.88,26.25
2211,2021-11-11,26.96,26.91
2212,2021-11-12,27.0,27.19
2213,2021-11-15,27.16,26.94
2214,2021-11-16,26.67,26.56
2215,2021-11-17,26.25,25.81
2216,2021-11-18,25.9,26.3
2217,2021-11-19,26.81,26.77
2218,2021-11-22,26.75,26.73
2219,2021-11-23,27.09,26.99
2220,2021-11-24,27.25,27.32
2221,2021-11-26,26.43,26.28
2222,2021-11-29,26.58,26.55
2223,2021-11-30,26.47,26.21
2224,2021-12-01,26.15,25.68
2225,2021-12-02,26.05,26.2
2226,2021-12-03,26.14,26.08
2227,2021-12-06,26.26,26.49
2228,2021-12-07,26.57,26.49
2229,2021-12-08,26.53,26.74
2230,2021-12-09,26.36,26.27
2231,2021-12-10,26.32,26.21
2232,2021-12-13,26.2,26.17
2233,2021-12-14,26.05,26.01
2234,2021-12-15,25.36,26.0
2235,2021-12-16,26.37,26.19
2236,2021-12-17,26.28,26.16
2237,2021-12-20,26.16,26.25
2238,2021-12-21,26.48,26.56
2239,2021-12-22,26.7,26.78
2240,2021-12-23,26.65,26.83
2241,2021-12-27,26.8,27.27
2242,2021-12-28,27.24,27.04
2243,2021-12-29,26.86,26.97
2244,2021-12-30,26.9,26.74
2245,2021-12-31,27.03,27.21
2246,2022-01-03,26.66,26.96
2247,2022-01-04,27.01,27.26
2248,2022-01-05,27.02,26.7
2249,2022-01-06,26.42,26.59
2250,2022-01-07,26.63,26.89
2251,2022-01-10,26.7,26.61
2252,2022-01-11,26.83,27.03
2253,2022-01-12,27.72,27.86
2254,2022-01-13,27.73,27.5
2255,2022-01-14,27.0,27.1
2256,2022-01-18,26.94,26.84
2257,2022-01-19,27.28,27.09
2258,2022-01-20,27.59,27.58
2259,2022-01-21,27.8,27.45
2260,2022-01-24,26.94,27.1
2261,2022-01-25,27.02,27.18
2262,2022-01-26,27.34,27.17
2263,2022-01-27,27.25,26.92
2264,2022-01-28,26.46,26.4
2265,2022-01-31,26.11,26.5
2266,2022-02-01,26.99,27.04
2267,2022-02-02,27.27,27.32
2268,2022-02-03,27.22,27.19
2269,2022-02-04,27.26,27.45
2270,2022-02-07,27.23,27.34
2271,2022-02-08,27.1,27.29
2272,2022-02-09,27.61,28.26
2273,2022-02-10,28.36,28.15
2274,2022-02-11,27.53,27.14
2275,2022-02-14,27.24,27.39
2276,2022-02-15,27.66,27.63
2277,2022-02-16,27.55,27.65
2278,2022-02-17,27.64,27.46
2279,2022-02-18,27.75,27.56
2280,2022-02-22,27.59,27.47
2281,2022-02-23,27.46,27.12
2282,2022-02-24,27.28,27.44
2283,2022-02-25,27.26,27.44
2284,2022-02-28,27.4,27.4
2285,2022-03-01,27.83,27.82
2286,2022-03-02,28.38,28.5
2287,2022-03-03,29.0,29.2
2288,2022-03-04,29.63,29.9
2289,2022-03-07,28.87,28.91
2290,2022-03-08,28.65,28.87
2291,2022-03-09,28.0,27.85
2292,2022-03-10,28.34,28.26
2293,2022-03-11,28.35,28.0
2294,2022-03-14,27.6,27.41
2295,2022-03-15,27.23,27.44
2296,2022-03-16,27.77,28.31
2297,2022-03-17,28.42,28.59
2298,2022-03-18,28.65,28.72
2299,2022-03-21,28.67,28.55
2300,2022-03-22,28.75,28.63
2301,2022-03-23,28.88,29.15
2302,2022-03-24,29.2,28.73
2303,2022-03-25,28.6,28.61
2304,2022-03-28,28.55,28.75
2305,2022-03-29,28.76,28.92
2306,2022-03-30,29.01,28.82
2307,2022-03-31,28.94,28.71
2308,2022-04-01,28.62,28.65
2309,2022-04-04,29.11,29.12
2310,2022-04-05,29.22,28.92
2311,2022-04-06,28.98,28.73
2312,2022-04-07,28.6,28.65
2313,2022-04-08,28.77,28.67
2314,2022-04-11,28.34,28.1
2315,2022-04-12,28.3,28.57
2316,2022-04-13,28.52,28.6
2317,2022-04-14,28.51,28.59
2318,2022-04-18,29.04,29.25
2319,2022-04-19,28.66,28.62
2320,2022-04-20,28.29,28.4
2321,2022-04-21,28.63,28.42
2322,2022-04-22,28.35,27.83
2323,2022-04-25,27.03,27.27
2324,2022-04-26,27.15,26.9
2325,2022-04-27,26.91,27.0
2326,2022-04-28,26.71,26.84
2327,2022-04-29,26.77,26.45
2328,2022-05-02,25.81,25.9
2329,2022-05-03,26.09,25.94
2330,2022-05-04,25.87,26.5
2331,2022-05-05,26.31,25.96
2332,2022-05-06,25.85,25.75
2333,2022-05-09,25.4,25.46
2334,2022-05-10,25.57,25.23
2335,2022-05-11,25.52,25.45
2336,2022-05-12,24.8,24.73
2337,2022-05-13,24.9,25.25
2338,2022-05-16,25.2,25.47
2339,2022-05-17,25.9,25.57
2340,2022-05-18,25.41,25.07
2341,2022-05-19,25.54,25.85
2342,2022-05-20,26.08,25.97
2343,2022-05-23,26.12,26.25
2344,2022-05-24,25.97,26.1
2345,2022-05-25,25.63,25.91
2346,2022-05-26,25.66,25.85
2347,2022-05-27,25.97,26.18
2348,2022-05-31,26.28,25.97
2349,2022-06-01,26.28,26.23
2350,2022-06-02,27.06,27.62
2351,2022-06-03,27.3,27.06
2352,2022-06-06,27.06,26.88
2353,2022-06-07,26.67,26.98
2354,2022-06-08,26.56,26.83
2355,2022-06-09,26.53,26.39
2356,2022-06-10,26.09,26.04
2357,2022-06-13,25.46,25.41
2358,2022-06-14,25.42,25.06
2359,2022-06-15,25.1,25.25
2360,2022-06-16,24.74,24.84
2361,2022-06-17,24.66,24.37
2362,2022-06-21,24.57,24.37
2363,2022-06-22,23.74,23.8
2364,2022-06-23,23.28,22.68
2365,2022-06-24,22.28,22.6
2366,2022-06-27,22.77,22.73
2367,2022-06-28,22.99,22.71
2368,2022-06-29,22.94,22.8
2369,2022-06-30,22.43,22.22
2370,2022-07-01,21.79,21.82
2371,2022-07-05,20.73,20.74
2372,2022-07-06,20.46,20.78
2373,2022-07-07,21.28,21.34
2374,2022-07-08,21.37,21.26
2375,2022-07-11,20.8,20.65
2376,2022-07-12,20.08,19.63
2377,2022-07-13,19.65,20.04
2378,2022-07-14,19.24,19.51
2379,2022-07-15,19.31,19.51
2380,2022-07-18,20.13,20.01
2381,2022-07-19,19.82,19.86
2382,2022-07-20,20.33,20.09
2383,2022-07-21,19.75,19.95
2384,2022-07-22,20.19,20.06
2385,2022-07-25,20.46,20.38
2386,2022-07-26,20.73,20.49
2387,2022-07-27,20.57,21.0
2388,2022-07-28,21.11,21.02
2389,2022-07-29,21.28,21.7
2390,2022-08-01,21.44,21.33
2391,2022-08-02,21.32,21.05
2392,2022-08-03,21.08,21.03
2393,2022-08-04,20.76,21.1
2394,2022-08-05,21.05,21.57
2395,2022-08-08,21.6,21.74
2396,2022-08-09,21.85,21.7
2397,2022-08-10,22.0,22.0
2398,2022-08-11,22.32,22.28
2399,2022-08-12,22.08,22.2
2400,2022-08-15,21.65,21.87
2401,2022-08-16,21.87,21.86
2402,2022-08-17,21.8,21.66
2403,2022-08-18,21.93,22.03
2404,2022-08-19,22.1,22.1
2405,2022-08-22,21.9,22.04
2406,2022-08-23,22.12,22.25
2407,2022-08-24,21.99,21.96
2408,2022-08-25,22.13,22.32
2409,2022-08-26,22.71,22.19
2410,2022-08-29,21.76,21.67
2411,2022-08-30,21.54,21.37
2412,2022-08-31,21.11,21.13
2413,2022-09-01,20.8,20.5
2414,2022-09-02,20.58,20.45
2415,2022-09-06,20.84,20.84
2416,2022-09-07,20.56,20.71
2417,2022-09-08,20.94,21.33
2418,2022-09-09,21.32,21.37
2419,2022-09-12,21.74,21.75
2420,2022-09-13,21.39,21.21
2421,2022-09-14,21.12,21.12
2422,2022-09-15,21.0,20.88
2423,2022-09-16,20.97,21.31
2424,2022-09-19,21.11,21.22
2425,2022-09-20,21.21,21.04
2426,2022-09-21,20.95,20.69
2427,2022-09-22,21.0,20.82
2428,2022-09-23,20.25,20.12
2429,2022-09-26,20.14,19.82
2430,2022-09-27,19.95,19.79
2431,2022-09-28,19.84,20.37
2432,2022-09-29,20.44,20.67
2433,2022-09-30,20.52,20.45
2434,2022-10-03,20.34,20.54
2435,2022-10-04,20.66,21.08
2436,2022-10-05,20.86,21.38
2437,2022-10-06,21.0,20.69
2438,2022-10-07,20.52,20.34
2439,2022-10-10,20.72,20.74
2440,2022-10-11,20.65,20.58
2441,2022-10-12,20.63,20.63
2442,2022-10-13,20.36,20.88
2443,2022-10-14,21.0,20.54
2444,2022-10-17,20.7,20.47
2445,2022-10-18,20.39,20.22
2446,2022-10-19,20.03,19.99
2447,2022-10-20,20.41,20.49
2448,2022-10-21,20.47,20.98
2449,2022-10-24,20.82,20.71
2450,2022-10-25,20.47,20.53
2451,2022-10-26,20.97,21.4
2452,2022-10-27,21.31,21.23
2453,2022-10-28,20.86,20.74
2454,2022-10-31,20.26,20.35
2455,2022-11-01,21.06,20.95
2456,2022-11-02,20.89,20.73
2457,2022-11-03,20.45,20.65
2458,2022-11-04,21.98,22.39
2459,2022-11-07,21.81,21.69
2460,2022-11-08,21.92,22.14
2461,2022-11-09,22.31,22.14
2462,2022-11-10,22.66,22.84
2463,2022-11-11,23.26,23.73
2464,2022-11-14,23.11,23.16
2465,2022-11-15,23.09,23.04
2466,2022-11-16,22.82,22.69
2467,2022-11-17,22.05,22.19
2468,2022-11-18,22.07,21.96
2469,2022-11-21,21.69,21.6
2470,2022-11-22,21.98,21.87
2471,2022-11-23,21.75,21.96
2472,2022-11-25,21.82,21.81
2473,2022-11-28,21.75,21.69
2474,2022-11-29,21.94,22.01
2475,2022-11-30,22.72,22.82
2476,2022-12-01,22.85,22.9
2477,2022-12-02,22.76,23.3
2478,2022-12-05,23.21,22.87
2479,2022-12-06,23.16,23.06
2480,2022-12-07,23.08,23.26
2481,2022-12-08,23.53,23.43
2482,2022-12-09,23.29,23.23
2483,2022-12-12,23.06,23.03
2484,2022-12-13,23.69,23.24
2485,2022-12-14,23.26,23.3
2486,2022-12-15,23.18,22.79
2487,2022-12-16,22.71,22.78
2488,2022-12-19,22.88,22.73
2489,2022-12-20,22.81,23.02
2490,2022-12-21,22.95,23.07
2491,2022-12-22,22.79,22.73
2492,2022-12-23,22.8,23.06
2493,2022-12-27,23.15,23.02
2494,2022-12-28,23.16,23.16
2495,2022-12-29,22.86,23.16
2496,2022-12-30,22.86,23.09
2497,2023-01-03,23.07,22.79
2498,2023-01-04,22.78,22.66
2499,2023-01-05,23.0,23.18
2500,2023-01-06,23.33,23.79
2501,2023-01-09,24.21,24.29
2502,2023-01-10,24.37,24.69
2503,2023-01-11,25.15,25.34
2504,2023-01-12,25.31,25.25
2505,2023-01-13,25.2,25.55
2506,2023-01-17,25.52,25.67
2507,2023-01-18,26.25,25.57
2508,2023-01-19,25.6,25.77
2509,2023-01-20,25.66,25.93
2510,2023-01-23,25.71,25.79
2511,2023-01-24,25.73,25.84
2512,2023-01-25,25.66,25.88
2513,2023-01-26,25.88,25.96
2514,2023-01-27,25.83,25.62
2515,2023-01-30,25.45,25.37
2516,2023-01-31,25.29,25.64
2517,2023-02-01,25.32,25.44
2518,2023-02-02,25.38,24.82
2519,2023-02-03,24.82,24.56
2520,2023-02-06,24.48,24.53
2521,2023-02-07,24.51,24.74
2522,2023-02-08,24.72,24.57
2523,2023-02-09,24.99,24.75
2524,2023-02-10,24.57,24.42
2525,2023-02-13,24.5,24.72
2526,2023-02-14,24.69,24.9
2527,2023-02-15,24.41,24.52
2528,2023-02-16,24.52,25.01
2529,2023-02-17,25.0,25.06
2530,2023-02-21,25.57,25.55
2531,2023-02-22,25.33,25.32
2532,2023-02-23,25.28,24.65
2533,2023-02-24,24.15,24.06
2534,2023-02-27,24.26,24.44
2535,2023-02-28,24.66,24.84
2536,2023-03-01,25.18,25.39
2537,2023-03-02,24.8,24.81
2538,2023-03-03,24.98,24.85
2539,2023-03-06,24.72,24.87
2540,2023-03-07,24.56,24.23
2541,2023-03-08,24.41,24.54
2542,2023-03-09,24.56,24.48
2543,2023-03-10,24.41,24.4
2544,2023-03-13,24.28,24.7
2545,2023-03-14,24.72,24.49
2546,2023-03-15,23.83,23.7
2547,2023-03-16,23.5,23.59
2548,2023-03-17,23.91,23.75
2549,2023-03-20,23.87,24.17
2550,2023-03-21,24.49,24.47
2551,2023-03-22,24.52,24.66
2552,2023-03-23,24.76,24.96
2553,2023-03-24,24.95,24.84
2554,2023-03-27,24.81,24.98
2555,2023-03-28,24.91,24.87
2556,2023-03-29,25.01,24.92
2557,2023-03-30,25.11,25.12
2558,2023-03-31,24.91,24.94
2559,2023-04-03,24.94,24.77
2560,2023-04-04,24.58,24.29
2561,2023-04-05,24.29,24.41
2562,2023-04-06,24.52,24.58
2563,2023-04-10,24.33,24.39
2564,2023-04-11,24.54,24.68
2565,2023-04-12,24.62,24.91
2566,2023-04-13,25.11,25.25
2567,2023-04-14,25.5,25.14
2568,2023-04-17,25.15,24.94
2569,2023-04-18,25.0,25.05
2570,2023-04-19,25.02,24.89
2571,2023-04-20,24.67,24.61
2572,2023-04-21,24.53,24.43
2573,2023-04-24,24.46,24.35
2574,2023-04-25,23.69,23.66
2575,2023-04-26,23.74,23.61
2576,2023-04-27,23.62,23.83
2577,2023-04-28,24.0,23.85
2578,2023-05-01,24.0,24.12
2579,2023-05-02,23.7,23.71
2580,2023-05-03,23.57,23.58
2581,2023-05-04,23.5,23.65
2582,2023-05-05,23.94,23.91
2583,2023-05-08,24.1,24.09
2584,2023-05-09,23.78,24.03
2585,2023-05-10,23.66,23.63
2586,2023-05-11,23.03,22.75
2587,2023-05-12,22.75,22.9
2588,2023-05-15,23.0,23.0
2589,2023-05-16,22.62,22.5
2590,2023-05-17,23.1,23.06
2591,2023-05-18,22.75,22.76
2592,2023-05-19,22.93,22.93
2593,2023-05-22,22.64,22.65
2594,2023-05-23,22.49,22.4
2595,2023-05-24,22.25,21.94
2596,2023-05-25,22.05,22.16
2597,2023-05-26,22.47,22.61
2598,2023-05-30,22.55,22.56
2599,2023-05-31,22.54,22.62
2600,2023-06-01,22.75,22.84
2601,2023-06-02,23.14,22.98
2602,2023-06-05,23.0,23.15
2603,2023-06-06,23.16,23.17
2604,2023-06-07,23.27,23.13
2605,2023-06-08,23.24,23.3
2606,2023-06-09,23.31,23.28
2607,2023-06-12,23.15,23.13
2608,2023-06-13,23.53,23.56
2609,2023-06-14,23.64,23.69
2610,2023-06-15,23.86,23.97
2611,2023-06-16,24.03,23.87
2612,2023-06-20,23.91,23.95
2613,2023-06-21,23.86,23.97
2614,2023-06-22,24.16,24.0
2615,2023-06-23,23.43,23.54
2616,2023-06-26,23.45,23.38
2617,2023-06-27,23.4,23.37
2618,2023-06-28,23.03,22.93
2619,2023-06-29,22.74,22.75
2620,2023-06-30,23.05,23.2
2621,2023-07-03,23.33,23.34
2622,2023-07-05,23.23,23.17
2623,2023-07-06,23.1,23.11
2624,2023-07-07,23.1,23.31
2625,2023-07-10,23.23,23.41
2626,2023-07-11,23.44,23.26
2627,2023-07-12,23.6,23.77
2628,2023-07-13,24.02,24.36
2629,2023-07-14,24.36,24.2
2630,2023-07-17,23.69,23.71
2631,2023-07-18,23.55,23.65
2632,2023-07-19,23.48,23.55
2633,2023-07-20,23.89,23.65
2634,2023-07-21,23.65,23.56
2635,2023-07-24,23.59,23.76
2636,2023-07-25,24.35,24.27
2637,2023-07-26,24.34,24.17
2638,2023-07-27,24.02,23.76
2639,2023-07-28,24.12,24.33
2640,2023-07-31,24.5,24.82
2641,2023-08-01,24.39,24.2
2642,2023-08-02,23.89,23.76
2643,2023-08-03,23.83,24.1
2644,2023-08-04,23.86,23.89
2645,2023-08-07,23.94,23.79
2646,2023-08-08,23.28,23.38
2647,2023-08-09,23.47,23.45
2648,2023-08-10,23.52,23.27
2649,2023-08-11,23.06,23.08
2650,2023-08-14,22.99,23.08
2651,2023-08-15,22.83,22.71
2652,2023-08-16,22.69,22.65
2653,2023-08-17,22.98,22.85
2654,2023-08-18,22.88,22.98
2655,2023-08-21,23.03,23.1
2656,2023-08-22,23.28,23.31
2657,2023-08-23,23.34,23.54
2658,2023-08-24,23.33,23.27
2659,2023-08-25,23.29,23.24
2660,2023-08-28,23.33,23.4
2661,2023-08-29,23.32,23.65
2662,2023-08-30,23.66,23.65
2663,2023-08-31,23.51,23.54
2664,2023-09-01,23.93,23.71
2665,2023-09-05,23.58,23.62
2666,2023-09-06,23.48,23.34
2667,2023-09-07,23.15,23.21
2668,2023-09-08,22.88,22.87
2669,2023-09-11,23.4,23.43
2670,2023-09-12,23.3,23.37
2671,2023-09-13,23.48,23.35
2672,2023-09-14,23.41,23.53
2673,2023-09-15,23.52,23.44
2674,2023-09-18,23.39,23.33
2675,2023-09-19,23.1,23.13
2676,2023-09-20,23.21,23.04
2677,2023-09-21,22.78,22.83
2678,2023-09-22,22.99,22.84
2679,2023-09-25,22.71,22.73
2680,2023-09-26,22.68,22.54
2681,2023-09-27,22.46,22.5
2682,2023-09-28,22.84,22.91
2683,2023-09-29,23.21,23.02
2684,2023-10-02,22.7,22.53
2685,2023-10-03,22.35,22.4
2686,2023-10-04,22.26,22.19
2687,2023-10-05,22.12,22.06
2688,2023-10-06,22.46,22.45
2689,2023-10-09,22.55,22.67
2690,2023-10-10,22.33,22.44
2691,2023-10-11,22.47,22.34
2692,2023-10-12,22.37,22.23
2693,2023-10-13,22.16,22.14
2694,2023-10-16,22.18,22.19
2695,2023-10-17,22.01,22.2
2696,2023-10-18,22.34,22.22
2697,2023-10-19,22.28,22.33
2698,2023-10-20,22.12,22.08
2699,2023-10-23,22.16,22.29
2700,2023-10-24,22.4,22.59
2701,2023-10-25,22.37,22.32
2702,2023-10-26,22.24,22.37
2703,2023-10-27,22.59,22.66
2704,2023-10-30,22.76,22.76
2705,2023-10-31,22.61,22.7
2706,2023-11-01,22.76,22.8
2707,2023-11-02,22.82,22.95
2708,2023-11-03,22.88,22.85
2709,2023-11-06,23.12,23.14
2710,2023-11-07,22.88,22.95
2711,2023-11-08,22.87,22.65
2712,2023-11-09,22.73,22.63
2713,2023-11-10,22.51,22.45
2714,2023-11-13,22.65,22.83
2715,2023-11-14,23.02,22.94
2716,2023-11-15,23.05,23.13
2717,2023-11-16,23.13,23.0
2718,2023-11-17,23.09,23.29
2719,2023-11-20,23.32,23.69
2720,2023-11-21,23.72,23.73
2721,2023-11-22,23.43,23.55
2722,2023-11-24,23.51,23.73
2723,2023-11-27,23.55,23.53
2724,2023-11-28,23.74,23.8
2725,2023-11-29,23.9,23.7
2726,2023-11-30,23.38,23.8
2727,2023-12-01,24.05,24.24
2728,2023-12-04,23.88,23.69
2729,2023-12-05,23.51,23.4
2730,2023-12-06,23.5,23.08
2731,2023-12-07,23.43,23.46
2732,2023-12-08,23.66,23.73
2733,2023-12-11,23.56,23.42
2734,2023-12-12,23.44,23.43
2735,2023-12-13,23.37,23.7
2736,2023-12-14,24.08,23.97
2737,2023-12-15,23.89,23.95
2738,2023-12-18,23.95,23.84
2739,2023-12-19,24.14,24.18
2740,2023-12-20,24.16,23.96
2741,2023-12-21,24.16,24.25
2742,2023-12-22,24.25,24.09
2743,2023-12-26,24.42,24.19
2744,2023-12-27,24.25,24.53
2745,2023-12-28,24.34,24.21
2746,2023-12-29,24.14,24.14
2747,2024-01-02,23.99,23.95
2748,2024-01-03,23.74,23.96
2749,2024-01-04,23.69,23.9
2750,2024-01-05,23.9,23.65
2751,2024-01-08,23.63,23.75
2752,2024-01-09,23.55,23.34
2753,2024-01-10,23.55,23.55
2754,2024-01-11,23.57,23.52
2755,2024-01-12,23.49,23.25
2756,2024-01-16,23.46,23.4
2757,2024-01-17,23.29,23.26
2758,2024-01-18,23.18,23.41
2759,2024-01-19,23.49,23.61
2760,2024-01-22,23.41,23.31
2761,2024-01-23,23.57,23.7
2762,2024-01-24,24.14,24.1
2763,2024-01-25,24.11,24.06
2764,2024-01-26,24.04,24.02
2765,2024-01-29,24.02,24.14
2766,2024-01-30,24.17,24.37
2767,2024-01-31,24.47,24.19
2768,2024-02-01,23.9,23.95
2769,2024-02-02,23.8,23.79
2770,2024-02-05,23.52,23.5
2771,2024-02-06,23.59,23.58
2772,2024-02-07,23.45,23.29
2773,2024-02-08,23.02,23.1
2774,2024-02-09,22.91,22.95
2775,2024-02-12,23.02,23.17
2776,2024-02-13,23.28,23.07
2777,2024-02-14,23.16,23.03
2778,2024-02-15,23.31,23.38
2779,2024-02-16,23.76,23.84
2780,2024-02-20,23.93,24.04
2781,2024-02-21,24.23,24.14
2782,2024-02-22,24.11,24.31
2783,2024-02-23,24.1,24.13
2784,2024-02-26,23.86,23.82
2785,2024-02-27,24.01,23.98
2786,2024-02-28,23.86,23.87
2787,2024-02-29,23.99,23.89
2788,2024-03-01,23.88,24.01
2789,2024-03-04,24.04,24.02
2790,2024-03-05,24.0,23.93
2791,2024-03-06,24.06,24.07
2792,2024-03-07,24.36,24.45
2793,2024-03-08,24.27,24.25
2794,2024-03-11,24.37,24.49
2795,2024-03-12,24.5,24.51
2796,2024-03-13,24.89,25.26
2797,2024-03-14,25.25,25.21
2798,2024-03-15,25.52,25.71
2799,2024-03-18,25.91,25.76
2800,2024-03-19,25.43,25.32
2801,2024-03-20,25.24,25.53
2802,2024-03-21,25.42,25.4
2803,2024-03-22,25.11,24.98
