,Date,close
0,2008-12-05,72.3
1,2008-12-08,73.6
2,2008-12-09,74.15
3,2008-12-10,73.75
4,2008-12-11,76.9
5,2008-12-12,76.0
6,2008-12-15,77.4
7,2008-12-16,77.4
8,2008-12-17,78.0
9,2008-12-18,77.5
10,2008-12-19,77.45
11,2008-12-22,77.85
12,2008-12-23,77.9
13,2008-12-24,77.95
14,2008-12-25,77.95
15,2008-12-26,77.95
16,2008-12-29,75.2
17,2008-12-30,75.1
18,2008-12-31,75.65
19,2009-01-01,75.65
20,2009-01-02,74.35
21,2009-01-05,77.65
22,2009-01-06,81.25
23,2009-01-07,78.65
24,2009-01-08,79.15
25,2009-01-09,76.9
26,2009-01-12,78.8
27,2009-01-13,80.1
28,2009-01-14,80.15
29,2009-01-15,80.9
30,2009-01-16,83.5
31,2009-01-19,81.05
32,2009-01-20,81.25
33,2009-01-21,81.35
34,2009-01-22,81.75
35,2009-01-23,82.0
36,2009-01-26,82.25
37,2009-01-27,83.05
38,2009-01-28,82.65
39,2009-01-29,82.9
40,2009-01-30,82.6
41,2009-02-02,77.25
42,2009-02-03,76.0
43,2009-02-04,76.75
44,2009-02-05,77.65
45,2009-02-06,77.9
46,2009-02-09,80.0
47,2009-02-10,78.6
48,2009-02-11,78.0
49,2009-02-12,77.0
50,2009-02-13,77.75
51,2009-02-16,77.35
52,2009-02-17,77.35
53,2009-02-18,77.0
54,2009-02-19,77.6
55,2009-02-20,77.6
56,2009-02-23,76.7
57,2009-02-24,76.0
58,2009-02-25,75.85
59,2009-02-26,75.85
60,2009-02-27,72.35
61,2009-03-02,62.65
62,2009-03-03,61.35
63,2009-03-04,62.4
64,2009-03-05,61.6
65,2009-03-06,61.35
66,2009-03-09,61.75
67,2009-03-10,62.1
68,2009-03-11,62.75
69,2009-03-12,61.85
70,2009-03-13,62.05
71,2009-03-16,61.6
72,2009-03-17,61.85
73,2009-03-18,61.75
74,2009-03-19,62.9
75,2009-03-20,62.25
76,2009-03-23,62.15
77,2009-03-24,62.25
78,2009-03-25,61.85
79,2009-03-26,62.0
80,2009-03-27,61.5
81,2009-03-30,60.0
82,2009-03-31,61.1
83,2009-04-01,62.0
84,2009-04-02,64.15
85,2009-04-03,63.75
86,2009-04-06,62.35
87,2009-04-07,62.65
88,2009-04-08,62.1
89,2009-04-09,62.9
90,2009-04-10,62.9
91,2009-04-13,62.9
92,2009-04-14,62.6
93,2009-04-15,62.85
94,2009-04-16,62.9
95,2009-04-17,62.9
96,2009-04-20,62.9
97,2009-04-21,62.75
98,2009-04-22,62.75
99,2009-04-23,62.25
100,2009-04-24,62.35
101,2009-04-27,62.25
102,2009-04-28,61.95
103,2009-04-29,61.75
104,2009-04-30,62.45
105,2009-05-01,62.4
106,2009-05-04,62.4
107,2009-05-05,63.5
108,2009-05-06,62.13
109,2009-05-07,63.42
110,2009-05-08,63.42
111,2009-05-11,62.63
112,2009-05-12,63.5
113,2009-05-13,63.0
114,2009-05-14,63.5
115,2009-05-15,63.35
116,2009-05-18,63.75
117,2009-05-19,64.25
118,2009-05-20,65.5
119,2009-05-21,65.3
120,2009-05-22,65.55
121,2009-05-25,65.55
122,2009-05-26,64.83
123,2009-05-27,64.63
124,2009-05-28,64.13
125,2009-05-29,64.12
126,2009-06-01,71.4
127,2009-06-02,72.1
128,2009-06-03,70.25
129,2009-06-04,72.75
130,2009-06-05,73.6
131,2009-06-08,73.6
132,2009-06-09,74.1
133,2009-06-10,74.1
134,2009-06-11,74.75
135,2009-06-12,74.9
136,2009-06-15,73.0
137,2009-06-16,73.25
138,2009-06-17,71.65
139,2009-06-18,72.35
140,2009-06-19,73.5
141,2009-06-22,71.15
142,2009-06-23,72.2
143,2009-06-24,72.35
144,2009-06-25,72.5
145,2009-06-26,71.95
146,2009-06-29,69.9
147,2009-06-30,69.3
148,2009-07-01,69.4
149,2009-07-02,68.8
150,2009-07-03,69.15
151,2009-07-06,70.95
152,2009-07-07,70.75
153,2009-07-08,71.0
154,2009-07-09,71.6
155,2009-07-10,72.5
156,2009-07-13,72.15
157,2009-07-14,72.7
158,2009-07-15,73.0
159,2009-07-16,74.0
160,2009-07-17,74.5
161,2009-07-20,73.6
162,2009-07-21,74.6
163,2009-07-22,73.75
164,2009-07-23,74.25
165,2009-07-24,74.4
166,2009-07-27,74.4
167,2009-07-28,73.85
168,2009-07-29,73.5
169,2009-07-30,73.3
170,2009-07-31,73.7
171,2009-08-03,70.63
172,2009-08-04,73.75
173,2009-08-05,73.65
174,2009-08-06,74.25
175,2009-08-07,74.05
176,2009-08-10,73.85
177,2009-08-11,73.95
178,2009-08-12,73.95
179,2009-08-13,74.35
180,2009-08-14,73.65
181,2009-08-17,73.5
182,2009-08-18,73.3
183,2009-08-19,73.2
184,2009-08-20,73.4
185,2009-08-21,72.9
186,2009-08-24,72.7
187,2009-08-25,72.7
188,2009-08-26,72.75
189,2009-08-27,72.7
190,2009-08-28,72.35
191,2009-08-31,68.6
192,2009-09-01,67.75
193,2009-09-02,66.7
194,2009-09-03,66.9
195,2009-09-04,66.35
196,2009-09-07,66.2
197,2009-09-08,66.5
198,2009-09-09,66.9
199,2009-09-10,67.5
200,2009-09-11,67.0
201,2009-09-14,67.1
202,2009-09-15,67.7
203,2009-09-16,68.4
204,2009-09-17,68.85
205,2009-09-18,68.4
206,2009-09-21,68.25
207,2009-09-22,68.55
208,2009-09-23,68.35
209,2009-09-24,67.95
210,2009-09-25,67.95
211,2009-09-28,69.7
212,2009-09-29,69.55
213,2009-09-30,71.1
214,2009-10-01,71.05
215,2009-10-02,70.45
216,2009-10-05,70.55
217,2009-10-06,71.55
218,2009-10-07,71.95
219,2009-10-08,71.95
220,2009-10-09,71.5
221,2009-10-12,72.0
222,2009-10-13,72.1
223,2009-10-14,71.9
224,2009-10-15,71.7
225,2009-10-16,71.4
226,2009-10-19,71.4
227,2009-10-20,70.9
228,2009-10-21,71.7
229,2009-10-22,71.95
230,2009-10-23,72.4
231,2009-10-26,71.7
232,2009-10-27,72.05
233,2009-10-28,72.05
234,2009-10-29,72.45
235,2009-10-30,72.3
236,2009-11-02,74.15
237,2009-11-03,75.0
238,2009-11-04,75.25
239,2009-11-05,75.75
240,2009-11-06,76.65
241,2009-11-09,77.0
242,2009-11-10,76.85
243,2009-11-11,78.1
244,2009-11-12,77.8
245,2009-11-13,78.55
246,2009-11-16,79.7
247,2009-11-17,80.15
248,2009-11-18,80.2
249,2009-11-19,80.1
250,2009-11-20,80.4
251,2009-11-23,80.35
252,2009-11-24,79.7
253,2009-11-25,80.25
254,2009-11-26,80.3
255,2009-11-27,80.1
256,2009-11-30,81.8
257,2009-12-01,81.35
258,2009-12-02,81.2
259,2009-12-03,81.0
260,2009-12-04,80.7
261,2009-12-07,80.5
262,2009-12-08,80.4
263,2009-12-09,80.75
264,2009-12-10,80.5
265,2009-12-11,80.4
266,2009-12-14,80.45
267,2009-12-15,80.9
268,2009-12-16,81.55
269,2009-12-17,81.55
270,2009-12-18,81.45
271,2009-12-21,81.5
272,2009-12-22,81.7
273,2009-12-23,81.6
274,2009-12-24,81.6
275,2009-12-25,81.6
276,2009-12-28,87.75
277,2009-12-29,88.95
278,2009-12-30,89.6
279,2009-12-31,90.1
280,2010-01-01,90.1
281,2010-01-04,92.45
282,2010-01-05,96.1
283,2010-01-06,97.5
284,2010-01-07,102.45
285,2010-01-08,101.1
286,2010-01-11,97.85
287,2010-01-12,96.0
288,2010-01-13,95.35
289,2010-01-14,96.35
290,2010-01-15,97.45
291,2010-01-18,98.55
292,2010-01-19,98.85
293,2010-01-20,96.9
294,2010-01-21,94.5
295,2010-01-22,95.45
296,2010-01-25,95.95
297,2010-01-26,95.2
298,2010-01-27,94.65
299,2010-01-28,94.6
300,2010-01-29,95.3
301,2010-02-01,92.85
302,2010-02-02,93.4
303,2010-02-03,92.9
304,2010-02-04,91.3
305,2010-02-05,91.1
306,2010-02-08,90.6
307,2010-02-09,91.15
308,2010-02-10,90.6
309,2010-02-11,90.5
310,2010-02-12,91.4
311,2010-02-15,91.45
312,2010-02-16,92.05
313,2010-02-17,92.05
314,2010-02-18,92.2
315,2010-02-19,92.7
316,2010-02-22,92.7
317,2010-02-23,93.1
318,2010-02-24,93.2
319,2010-02-25,93.75
320,2010-02-26,93.85
321,2010-03-01,96.9
322,2010-03-02,96.0
323,2010-03-03,95.95
324,2010-03-04,95.25
325,2010-03-05,94.6
326,2010-03-08,94.85
327,2010-03-09,94.5
328,2010-03-10,94.8
329,2010-03-11,94.55
330,2010-03-12,94.35
331,2010-03-15,94.7
332,2010-03-16,94.7
333,2010-03-17,94.65
334,2010-03-18,94.75
335,2010-03-19,94.55
336,2010-03-22,94.45
337,2010-03-23,94.45
338,2010-03-24,94.45
339,2010-03-25,94.4
340,2010-03-26,94.65
341,2010-03-29,93.9
342,2010-03-30,94.45
343,2010-03-31,94.95
344,2010-04-01,96.35
345,2010-04-02,96.35
346,2010-04-05,96.35
347,2010-04-06,98.65
348,2010-04-07,99.2
349,2010-04-08,98.8
350,2010-04-09,98.75
351,2010-04-12,98.5
352,2010-04-13,97.9
353,2010-04-14,98.2
354,2010-04-15,97.75
355,2010-04-16,97.95
356,2010-04-19,97.8
357,2010-04-20,98.7
358,2010-04-21,101.0
359,2010-04-22,101.9
360,2010-04-23,102.2
361,2010-04-26,104.25
362,2010-04-27,104.95
363,2010-04-28,102.9
364,2010-04-29,104.75
365,2010-04-30,103.85
366,2010-05-03,107.5
367,2010-05-04,109.5
368,2010-05-05,109.5
369,2010-05-06,105.75
370,2010-05-07,103.4
371,2010-05-10,104.4
372,2010-05-11,101.65
373,2010-05-12,100.95
374,2010-05-13,101.0
375,2010-05-14,101.5
376,2010-05-17,100.9
377,2010-05-18,101.65
378,2010-05-19,99.5
379,2010-05-20,100.25
380,2010-05-21,100.6
381,2010-05-24,101.75
382,2010-05-25,101.35
383,2010-05-26,100.2
384,2010-05-27,100.95
385,2010-05-28,101.6
386,2010-05-31,100.2
387,2010-06-01,99.05
388,2010-06-02,98.75
389,2010-06-03,99.0
390,2010-06-04,99.3
391,2010-06-07,99.65
392,2010-06-08,99.4
393,2010-06-09,99.45
394,2010-06-10,99.9
395,2010-06-11,99.9
396,2010-06-14,100.75
397,2010-06-15,100.3
398,2010-06-16,100.45
399,2010-06-17,100.4
400,2010-06-18,100.15
401,2010-06-21,99.9
402,2010-06-22,99.2
403,2010-06-23,99.5
404,2010-06-24,99.15
405,2010-06-25,99.65
406,2010-06-28,99.1
407,2010-06-29,99.15
408,2010-06-30,98.9
409,2010-07-01,98.15
410,2010-07-02,97.65
411,2010-07-05,97.5
412,2010-07-06,97.1
413,2010-07-07,96.4
414,2010-07-08,97.1
415,2010-07-09,97.15
416,2010-07-12,97.05
417,2010-07-13,96.8
418,2010-07-14,97.05
419,2010-07-15,97.15
420,2010-07-16,96.85
421,2010-07-19,96.6
422,2010-07-20,96.55
423,2010-07-21,96.15
424,2010-07-22,95.95
425,2010-07-23,95.95
426,2010-07-26,96.05
427,2010-07-27,95.95
428,2010-07-28,95.65
429,2010-07-29,96.3
430,2010-07-30,96.2
431,2010-08-02,94.85
432,2010-08-03,94.5
433,2010-08-04,93.65
434,2010-08-05,91.8
435,2010-08-06,91.25
436,2010-08-09,90.55
437,2010-08-10,90.1
438,2010-08-11,89.3
439,2010-08-12,88.85
440,2010-08-13,88.1
441,2010-08-16,88.7
442,2010-08-17,89.5
443,2010-08-18,88.75
444,2010-08-19,89.35
445,2010-08-20,89.7
446,2010-08-23,89.3
447,2010-08-24,89.7
448,2010-08-25,89.65
449,2010-08-26,89.75
450,2010-08-27,90.4
451,2010-08-30,90.4
452,2010-08-31,94.15
453,2010-09-01,94.1
454,2010-09-02,94.0
455,2010-09-03,94.13
456,2010-09-06,94.05
457,2010-09-07,93.88
458,2010-09-08,93.5
459,2010-09-09,93.17
460,2010-09-10,93.25
461,2010-09-13,94.0
462,2010-09-14,94.08
463,2010-09-15,93.83
464,2010-09-16,94.42
465,2010-09-17,94.58
466,2010-09-20,94.42
467,2010-09-21,94.52
468,2010-09-22,94.47
469,2010-09-23,94.43
470,2010-09-24,94.75
471,2010-09-27,95.2
472,2010-09-28,95.27
473,2010-09-29,95.64
474,2010-09-30,95.94
475,2010-10-01,96.05
476,2010-10-04,95.43
477,2010-10-05,95.13
478,2010-10-06,95.63
479,2010-10-07,95.62
480,2010-10-08,95.31
481,2010-10-11,95.73
482,2010-10-12,95.36
483,2010-10-13,96.19
484,2010-10-14,96.83
485,2010-10-15,97.05
486,2010-10-18,97.0
487,2010-10-19,97.45
488,2010-10-20,97.9
489,2010-10-21,97.5
490,2010-10-22,97.7
491,2010-10-25,98.05
492,2010-10-26,97.5
493,2010-10-27,97.9
494,2010-10-28,97.65
495,2010-10-29,97.4
496,2010-11-01,105.65
497,2010-11-02,106.25
498,2010-11-03,106.4
499,2010-11-04,106.35
500,2010-11-05,106.1
501,2010-11-08,105.75
502,2010-11-09,105.65
503,2010-11-10,106.65
504,2010-11-11,107.75
505,2010-11-12,110.1
506,2010-11-15,112.75
507,2010-11-16,111.0
508,2010-11-17,109.35
509,2010-11-18,109.65
510,2010-11-19,109.8
511,2010-11-22,108.15
512,2010-11-23,107.7
513,2010-11-24,107.6
514,2010-11-25,108.25
515,2010-11-26,107.05
516,2010-11-29,112.55
517,2010-11-30,112.3
518,2010-12-01,112.0
519,2010-12-02,113.35
520,2010-12-03,114.35
521,2010-12-06,115.15
522,2010-12-07,115.05
523,2010-12-08,114.75
524,2010-12-09,114.25
525,2010-12-10,115.7
526,2010-12-13,116.25
527,2010-12-14,115.6
528,2010-12-15,115.5
529,2010-12-16,115.65
530,2010-12-17,116.05
531,2010-12-20,116.25
532,2010-12-21,116.1
533,2010-12-22,118.0
534,2010-12-23,117.25
535,2010-12-24,117.0
536,2010-12-27,117.0
537,2010-12-28,117.0
538,2010-12-29,121.75
539,2010-12-30,122.4
540,2010-12-31,122.65
541,2011-01-03,136.5
542,2011-01-04,137.3
543,2011-01-05,130.65
544,2011-01-06,133.15
545,2011-01-07,136.35
546,2011-01-10,139.05
547,2011-01-11,138.75
548,2011-01-12,138.0
549,2011-01-13,137.75
550,2011-01-14,136.0
551,2011-01-17,133.55
552,2011-01-18,133.55
553,2011-01-19,133.75
554,2011-01-20,132.95
555,2011-01-21,131.9
556,2011-01-24,129.65
557,2011-01-25,129.25
558,2011-01-26,127.75
559,2011-01-27,128.0
560,2011-01-28,130.35
561,2011-01-31,129.4
562,2011-02-01,129.35
563,2011-02-02,127.85
564,2011-02-03,127.35
565,2011-02-04,127.0
566,2011-02-07,123.5
567,2011-02-08,123.45
568,2011-02-09,122.8
569,2011-02-10,123.15
570,2011-02-11,123.5
571,2011-02-14,124.5
572,2011-02-15,124.9
573,2011-02-16,125.5
574,2011-02-17,126.0
575,2011-02-18,126.7
576,2011-02-21,127.25
577,2011-02-22,126.25
578,2011-02-23,127.9
579,2011-02-24,127.5
580,2011-02-25,129.0
581,2011-02-28,130.95
582,2011-03-01,130.9
583,2011-03-02,130.6
584,2011-03-03,130.4
585,2011-03-04,131.5
586,2011-03-07,130.6
587,2011-03-08,130.1
588,2011-03-09,129.95
589,2011-03-10,129.45
590,2011-03-11,130.0
591,2011-03-14,129.15
592,2011-03-15,129.25
593,2011-03-16,129.15
594,2011-03-17,123.5
595,2011-03-18,124.0
596,2011-03-21,124.85
597,2011-03-22,124.45
598,2011-03-23,125.55
599,2011-03-24,125.15
600,2011-03-25,125.8
601,2011-03-28,121.65
602,2011-03-29,120.35
603,2011-03-30,120.15
604,2011-03-31,123.2
605,2011-04-01,123.5
606,2011-04-04,123.8
607,2011-04-05,122.5
608,2011-04-06,122.45
609,2011-04-07,122.35
610,2011-04-08,122.65
611,2011-04-11,122.5
612,2011-04-12,121.9
613,2011-04-13,122.65
614,2011-04-14,122.65
615,2011-04-15,123.15
616,2011-04-18,122.35
617,2011-04-19,122.3
618,2011-04-20,122.6
619,2011-04-21,122.55
620,2011-04-22,122.55
621,2011-04-25,122.55
622,2011-04-26,122.45
623,2011-04-27,122.45
624,2011-04-28,122.8
625,2011-04-29,122.8
626,2011-05-02,124.05
627,2011-05-03,124.05
628,2011-05-04,124.45
629,2011-05-05,123.65
630,2011-05-06,123.35
631,2011-05-09,122.95
632,2011-05-10,122.25
633,2011-05-11,121.5
634,2011-05-12,120.3
635,2011-05-13,119.35
636,2011-05-16,119.75
637,2011-05-17,118.85
638,2011-05-18,119.75
639,2011-05-19,119.8
640,2011-05-20,119.55
641,2011-05-23,119.75
642,2011-05-24,119.55
643,2011-05-25,119.4
644,2011-05-26,119.35
645,2011-05-27,120.35
646,2011-05-30,120.85
647,2011-05-31,120.95
648,2011-06-01,120.85
649,2011-06-02,120.85
650,2011-06-03,121.35
651,2011-06-06,121.45
652,2011-06-07,122.35
653,2011-06-08,121.3
654,2011-06-09,121.55
655,2011-06-10,121.45
656,2011-06-13,121.5
657,2011-06-14,121.75
658,2011-06-15,121.15
659,2011-06-16,119.6
660,2011-06-17,119.5
661,2011-06-20,120.5
662,2011-06-21,120.55
663,2011-06-22,120.45
664,2011-06-23,120.4
665,2011-06-24,120.4
666,2011-06-27,121.35
667,2011-06-28,121.55
668,2011-06-29,121.9
669,2011-06-30,121.3
670,2011-07-01,121.45
671,2011-07-04,121.65
672,2011-07-05,121.85
673,2011-07-06,121.35
674,2011-07-07,121.35
675,2011-07-08,121.15
676,2011-07-11,120.2
677,2011-07-12,120.6
678,2011-07-13,121.2
679,2011-07-14,121.1
680,2011-07-15,120.85
681,2011-07-18,120.7
682,2011-07-19,121.1
683,2011-07-20,121.35
684,2011-07-21,121.35
685,2011-07-22,121.25
686,2011-07-25,121.3
687,2011-07-26,121.25
688,2011-07-27,121.2
689,2011-07-28,121.1
690,2011-07-29,121.05
691,2011-08-01,120.95
692,2011-08-02,121.25
693,2011-08-03,121.25
694,2011-08-04,120.4
695,2011-08-05,120.65
696,2011-08-08,119.5
697,2011-08-09,119.15
698,2011-08-10,119.5
699,2011-08-11,119.45
700,2011-08-12,119.55
701,2011-08-15,120.05
702,2011-08-16,120.1
703,2011-08-17,120.45
704,2011-08-18,120.15
705,2011-08-19,120.0
706,2011-08-22,120.3
707,2011-08-23,120.45
708,2011-08-24,120.6
709,2011-08-25,120.55
710,2011-08-26,120.6
711,2011-08-29,121.5
712,2011-08-30,122.3
713,2011-08-31,122.85
714,2011-09-01,122.7
715,2011-09-02,123.15
716,2011-09-05,123.45
717,2011-09-06,123.5
718,2011-09-07,123.55
719,2011-09-08,123.55
720,2011-09-09,123.3
721,2011-09-12,123.3
722,2011-09-13,123.25
723,2011-09-14,123.15
724,2011-09-15,123.65
725,2011-09-16,123.8
726,2011-09-19,123.6
727,2011-09-20,123.55
728,2011-09-21,123.65
729,2011-09-22,123.55
730,2011-09-23,123.55
731,2011-09-26,123.35
732,2011-09-27,123.45
733,2011-09-28,123.5
734,2011-09-29,123.45
735,2011-09-30,123.2
736,2011-10-03,121.4
737,2011-10-04,120.0
738,2011-10-05,120.35
739,2011-10-06,120.6
740,2011-10-07,120.8
741,2011-10-10,121.2
742,2011-10-11,121.25
743,2011-10-12,121.1
744,2011-10-13,120.9
745,2011-10-14,120.9
746,2011-10-17,120.65
747,2011-10-18,119.7
748,2011-10-19,119.55
749,2011-10-20,119.15
750,2011-10-21,119.2
751,2011-10-24,119.6
752,2011-10-25,119.75
753,2011-10-26,119.65
754,2011-10-27,119.8
755,2011-10-28,119.75
756,2011-10-31,118.5
757,2011-11-01,117.65
758,2011-11-02,117.8
759,2011-11-03,117.8
760,2011-11-04,117.85
761,2011-11-07,117.9
762,2011-11-08,117.4
763,2011-11-09,116.5
764,2011-11-10,115.5
765,2011-11-11,115.45
766,2011-11-14,115.0
767,2011-11-15,115.2
768,2011-11-16,115.6
769,2011-11-17,115.55
770,2011-11-18,115.45
771,2011-11-21,114.9
772,2011-11-22,114.9
773,2011-11-23,114.7
774,2011-11-24,114.85
775,2011-11-25,114.5
776,2011-11-28,110.3
777,2011-11-29,110.55
778,2011-11-30,111.6
779,2011-12-01,111.85
780,2011-12-02,111.9
781,2011-12-05,111.95
782,2011-12-06,111.35
783,2011-12-07,110.95
784,2011-12-08,110.75
785,2011-12-09,111.15
786,2011-12-12,111.5
787,2011-12-13,111.25
788,2011-12-14,111.1
789,2011-12-15,111.0
790,2011-12-16,110.7
791,2011-12-19,110.4
792,2011-12-20,110.85
793,2011-12-21,111.1
794,2011-12-22,111.25
795,2011-12-23,111.3
796,2011-12-26,111.3
797,2011-12-27,111.3
798,2011-12-28,110.8
799,2011-12-29,110.85
800,2011-12-30,112.25
801,2012-01-02,112.25
802,2012-01-03,111.3
803,2012-01-04,112.25
804,2012-01-05,112.35
805,2012-01-06,113.5
806,2012-01-09,112.95
807,2012-01-10,113.0
808,2012-01-11,113.85
809,2012-01-12,113.7
810,2012-01-13,113.65
811,2012-01-16,113.15
812,2012-01-17,114.2
813,2012-01-18,115.25
814,2012-01-19,115.15
815,2012-01-20,116.5
816,2012-01-23,116.65
817,2012-01-24,117.5
818,2012-01-25,117.5
819,2012-01-26,117.45
820,2012-01-27,118.1
821,2012-01-30,118.85
822,2012-01-31,117.45
823,2012-02-01,117.15
824,2012-02-02,117.65
825,2012-02-03,118.25
826,2012-02-06,118.05
827,2012-02-07,118.2
828,2012-02-08,118.1
829,2012-02-09,118.0
830,2012-02-10,117.75
831,2012-02-13,117.85
832,2012-02-14,117.95
833,2012-02-15,118.05
834,2012-02-16,118.05
835,2012-02-17,118.15
836,2012-02-20,118.05
837,2012-02-21,117.85
838,2012-02-22,118.1
839,2012-02-23,118.0
840,2012-02-24,118.0
841,2012-02-27,114.5
842,2012-02-28,113.5
843,2012-02-29,112.1
844,2012-03-01,111.25
845,2012-03-02,110.75
846,2012-03-05,110.05
847,2012-03-06,109.35
848,2012-03-07,109.35
849,2012-03-08,108.6
850,2012-03-09,107.65
851,2012-03-12,107.1
852,2012-03-13,106.8
853,2012-03-14,107.2
854,2012-03-15,107.0
855,2012-03-16,107.15
856,2012-03-19,107.25
857,2012-03-20,106.9
858,2012-03-21,107.25
859,2012-03-22,107.3
860,2012-03-23,107.15
861,2012-03-26,107.0
862,2012-03-27,107.0
863,2012-03-28,107.2
864,2012-03-29,107.0
865,2012-03-30,107.0
866,2012-04-02,109.45
867,2012-04-03,108.45
868,2012-04-04,106.95
869,2012-04-05,106.75
870,2012-04-06,106.75
871,2012-04-09,106.75
872,2012-04-10,106.4
873,2012-04-11,105.4
874,2012-04-12,105.45
875,2012-04-13,105.05
876,2012-04-16,103.65
877,2012-04-17,102.85
878,2012-04-18,103.55
879,2012-04-19,103.05
880,2012-04-20,103.2
881,2012-04-23,102.7
882,2012-04-24,103.25
883,2012-04-25,103.05
884,2012-04-26,103.05
885,2012-04-27,102.95
886,2012-04-30,100.75
887,2012-05-01,100.95
888,2012-05-02,99.75
889,2012-05-03,99.9
890,2012-05-04,99.65
891,2012-05-07,99.65
892,2012-05-08,99.6
893,2012-05-09,99.75
894,2012-05-10,99.6
895,2012-05-11,99.65
896,2012-05-14,99.35
897,2012-05-15,99.0
898,2012-05-16,98.75
899,2012-05-17,99.05
900,2012-05-18,98.65
901,2012-05-21,98.2
902,2012-05-22,97.85
903,2012-05-23,96.95
904,2012-05-24,97.25
905,2012-05-25,98.5
906,2012-05-28,91.3
907,2012-05-29,92.25
908,2012-05-30,91.65
909,2012-05-31,91.45
910,2012-06-01,91.25
911,2012-06-04,91.25
912,2012-06-05,91.25
913,2012-06-06,90.25
914,2012-06-07,89.4
915,2012-06-08,88.5
916,2012-06-11,88.25
917,2012-06-12,88.3
918,2012-06-13,88.65
919,2012-06-14,87.45
920,2012-06-15,87.85
921,2012-06-18,87.2
922,2012-06-19,87.6
923,2012-06-20,87.65
924,2012-06-21,87.75
925,2012-06-22,88.15
926,2012-06-25,88.1
927,2012-06-26,88.1
928,2012-06-27,88.4
929,2012-06-28,88.4
930,2012-06-29,88.4
931,2012-07-02,89.9
932,2012-07-03,90.15
933,2012-07-04,89.7
934,2012-07-05,89.0
935,2012-07-06,88.9
936,2012-07-09,88.6
937,2012-07-10,87.9
938,2012-07-11,87.3
939,2012-07-12,87.15
940,2012-07-13,87.55
941,2012-07-16,87.75
942,2012-07-17,87.5
943,2012-07-18,88.05
944,2012-07-19,87.95
945,2012-07-20,88.1
946,2012-07-23,87.05
947,2012-07-24,87.55
948,2012-07-25,87.75
949,2012-07-26,88.15
950,2012-07-27,88.4
951,2012-07-30,89.1
952,2012-07-31,90.15
953,2012-08-01,90.2
954,2012-08-02,89.45
955,2012-08-03,89.75
956,2012-08-06,91.55
957,2012-08-07,92.1
958,2012-08-08,93.4
959,2012-08-09,92.55
960,2012-08-10,92.15
961,2012-08-13,92.55
962,2012-08-14,92.45
963,2012-08-15,92.1
964,2012-08-16,91.8
965,2012-08-17,91.55
966,2012-08-20,91.5
967,2012-08-21,91.65
968,2012-08-22,91.4
969,2012-08-23,91.45
970,2012-08-24,91.35
971,2012-08-27,91.35
972,2012-08-28,91.3
973,2012-08-29,91.05
974,2012-08-30,91.1
975,2012-08-31,91.75
976,2012-09-03,91.8
977,2012-09-04,91.2
978,2012-09-05,91.35
979,2012-09-06,91.15
980,2012-09-07,91.2
981,2012-09-10,91.0
982,2012-09-11,90.55
983,2012-09-12,90.55
984,2012-09-13,90.0
985,2012-09-14,90.0
986,2012-09-17,90.0
987,2012-09-18,90.5
988,2012-09-19,90.6
989,2012-09-20,90.1
990,2012-09-21,90.45
991,2012-09-24,89.5
992,2012-09-25,89.65
993,2012-09-26,89.6
994,2012-09-27,89.6
995,2012-09-28,89.5
996,2012-10-01,86.15
997,2012-10-02,86.15
998,2012-10-03,85.85
999,2012-10-04,86.25
1000,2012-10-05,86.25
1001,2012-10-08,86.0
1002,2012-10-09,85.2
1003,2012-10-10,84.35
1004,2012-10-11,83.6
1005,2012-10-12,83.3
1006,2012-10-15,82.35
1007,2012-10-16,82.55
1008,2012-10-17,83.75
1009,2012-10-18,83.3
1010,2012-10-19,83.5
1011,2012-10-22,83.15
1012,2012-10-23,83.05
1013,2012-10-24,83.25
1014,2012-10-25,83.25
1015,2012-10-26,83.25
1016,2012-10-29,83.7
1017,2012-10-30,84.0
1018,2012-10-31,83.6
1019,2012-11-01,83.4
1020,2012-11-02,82.9
1021,2012-11-05,83.35
1022,2012-11-06,83.2
1023,2012-11-07,83.15
1024,2012-11-08,84.2
1025,2012-11-09,84.7
1026,2012-11-12,85.0
1027,2012-11-13,84.3
1028,2012-11-14,84.45
1029,2012-11-15,84.8
1030,2012-11-16,85.55
1031,2012-11-19,85.4
1032,2012-11-20,84.95
1033,2012-11-21,84.8
1034,2012-11-22,85.55
1035,2012-11-23,85.45
1036,2012-11-26,85.6
1037,2012-11-27,85.55
1038,2012-11-28,85.8
1039,2012-11-29,85.85
1040,2012-11-30,85.9
1041,2012-12-03,95.15
1042,2012-12-04,94.6
1043,2012-12-05,94.4
1044,2012-12-06,93.75
1045,2012-12-07,93.2
1046,2012-12-10,93.15
1047,2012-12-11,92.6
1048,2012-12-12,91.95
1049,2012-12-13,92.85
1050,2012-12-14,93.75
1051,2012-12-17,93.5
1052,2012-12-18,93.7
1053,2012-12-19,93.8
1054,2012-12-20,93.7
1055,2012-12-21,93.45
1056,2012-12-24,93.45
1057,2012-12-25,93.45
1058,2012-12-26,93.45
1059,2012-12-27,93.5
1060,2012-12-28,93.55
1061,2012-12-31,93.75
1062,2013-01-01,93.75
1063,2013-01-02,94.85
1064,2013-01-03,94.4
1065,2013-01-04,95.0
1066,2013-01-07,94.35
1067,2013-01-08,93.4
1068,2013-01-09,93.3
1069,2013-01-10,93.25
1070,2013-01-11,93.65
1071,2013-01-14,93.6
1072,2013-01-15,93.3
1073,2013-01-16,93.25
1074,2013-01-17,93.35
1075,2013-01-18,93.25
1076,2013-01-21,93.25
1077,2013-01-22,93.25
1078,2013-01-23,93.15
1079,2013-01-24,93.15
1080,2013-01-25,93.25
1081,2013-01-28,95.35
1082,2013-01-29,95.35
1083,2013-01-30,95.45
1084,2013-01-31,95.2
1085,2013-02-01,95.4
1086,2013-02-04,95.6
1087,2013-02-05,96.15
1088,2013-02-06,96.3
1089,2013-02-07,95.7
1090,2013-02-08,96.0
1091,2013-02-11,95.4
1092,2013-02-12,95.55
1093,2013-02-13,95.1
1094,2013-02-14,95.1
1095,2013-02-15,94.85
1096,2013-02-18,94.65
1097,2013-02-19,94.9
1098,2013-02-20,94.9
1099,2013-02-21,95.25
1100,2013-02-22,94.5
1101,2013-02-25,93.35
1102,2013-02-26,92.75
1103,2013-02-27,93.55
1104,2013-02-28,94.25
1105,2013-03-01,94.05
1106,2013-03-04,93.35
1107,2013-03-05,93.1
1108,2013-03-06,92.75
1109,2013-03-07,92.35
1110,2013-03-08,92.05
1111,2013-03-11,91.85
1112,2013-03-12,92.3
1113,2013-03-13,92.25
1114,2013-03-14,92.2
1115,2013-03-15,92.55
1116,2013-03-18,92.25
1117,2013-03-19,91.75
1118,2013-03-20,91.1
1119,2013-03-21,91.6
1120,2013-03-22,91.8
1121,2013-03-25,91.9
1122,2013-03-26,91.75
1123,2013-03-27,90.95
1124,2013-03-28,90.65
1125,2013-03-29,90.65
1126,2013-04-01,87.05
1127,2013-04-02,86.9
1128,2013-04-03,87.65
1129,2013-04-04,88.05
1130,2013-04-05,88.4
1131,2013-04-08,88.5
1132,2013-04-09,88.3
1133,2013-04-10,88.5
1134,2013-04-11,88.8
1135,2013-04-12,89.4
1136,2013-04-15,88.2
1137,2013-04-16,88.05
1138,2013-04-17,87.45
1139,2013-04-18,87.65
1140,2013-04-19,87.4
1141,2013-04-22,87.5
1142,2013-04-23,88.15
1143,2013-04-24,87.25
1144,2013-04-25,87.3
1145,2013-04-26,86.95
1146,2013-04-29,86.8
1147,2013-04-30,87.0
1148,2013-05-01,87.0
1149,2013-05-02,86.9
1150,2013-05-03,87.5
1151,2013-05-06,87.5
1152,2013-05-07,87.65
1153,2013-05-08,87.7
1154,2013-05-09,87.7
1155,2013-05-10,87.35
1156,2013-05-13,87.4
1157,2013-05-14,87.5
1158,2013-05-15,87.6
1159,2013-05-16,87.65
1160,2013-05-17,87.7
1161,2013-05-20,87.75
1162,2013-05-21,87.7
1163,2013-05-22,87.65
1164,2013-05-23,87.8
1165,2013-05-24,87.75
1166,2013-05-27,87.75
1167,2013-05-28,87.5
1168,2013-05-29,87.7
1169,2013-05-30,87.65
1170,2013-05-31,87.7
1171,2013-06-03,86.6
1172,2013-06-04,86.55
1173,2013-06-05,86.4
1174,2013-06-06,85.7
1175,2013-06-07,85.5
1176,2013-06-10,84.45
1177,2013-06-11,84.05
1178,2013-06-12,83.9
1179,2013-06-13,83.75
1180,2013-06-14,83.75
1181,2013-06-17,83.8
1182,2013-06-18,83.7
1183,2013-06-19,83.75
1184,2013-06-20,83.45
1185,2013-06-21,83.15
1186,2013-06-24,82.95
1187,2013-06-25,83.0
1188,2013-06-26,83.0
1189,2013-06-27,83.0
1190,2013-06-28,83.0
1191,2013-07-01,76.95
1192,2013-07-02,77.55
1193,2013-07-03,77.35
1194,2013-07-04,76.95
1195,2013-07-05,76.95
1196,2013-07-08,76.95
1197,2013-07-09,76.85
1198,2013-07-10,76.45
1199,2013-07-11,76.95
1200,2013-07-12,76.6
1201,2013-07-15,77.0
1202,2013-07-16,77.15
1203,2013-07-17,77.25
1204,2013-07-18,77.4
1205,2013-07-19,77.3
1206,2013-07-22,77.2
1207,2013-07-23,77.35
1208,2013-07-24,77.25
1209,2013-07-25,77.3
1210,2013-07-26,77.25
1211,2013-07-29,76.85
1212,2013-07-30,77.3
1213,2013-07-31,77.05
1214,2013-08-01,76.95
1215,2013-08-02,77.0
1216,2013-08-05,76.95
1217,2013-08-06,76.8
1218,2013-08-07,76.9
1219,2013-08-08,77.1
1220,2013-08-09,77.7
1221,2013-08-12,78.35
1222,2013-08-13,78.45
1223,2013-08-14,78.9
1224,2013-08-15,78.65
1225,2013-08-16,78.7
1226,2013-08-19,78.8
1227,2013-08-20,78.55
1228,2013-08-21,78.45
1229,2013-08-22,78.5
1230,2013-08-23,78.3
1231,2013-08-26,78.3
1232,2013-08-27,78.1
1233,2013-08-28,78.25
1234,2013-08-29,78.25
1235,2013-08-30,78.55
1236,2013-09-02,78.45
1237,2013-09-03,78.5
1238,2013-09-04,76.95
1239,2013-09-05,77.0
1240,2013-09-06,77.1
1241,2013-09-09,77.2
1242,2013-09-10,77.25
1243,2013-09-11,77.4
1244,2013-09-12,77.7
1245,2013-09-13,77.8
1246,2013-09-16,77.75
1247,2013-09-17,78.5
1248,2013-09-18,78.55
1249,2013-09-19,78.55
1250,2013-09-20,78.4
1251,2013-09-23,78.5
1252,2013-09-24,78.5
1253,2013-09-25,78.55
1254,2013-09-26,78.55
1255,2013-09-27,78.4
1256,2013-09-30,79.15
1257,2013-10-01,78.75
1258,2013-10-02,79.95
1259,2013-10-03,79.8
1260,2013-10-04,80.0
1261,2013-10-07,80.8
1262,2013-10-08,80.5
1263,2013-10-09,80.9
1264,2013-10-10,80.9
1265,2013-10-11,80.45
1266,2013-10-14,80.7
1267,2013-10-15,80.6
1268,2013-10-16,80.55
1269,2013-10-17,80.75
1270,2013-10-18,81.3
1271,2013-10-21,80.9
1272,2013-10-22,81.2
1273,2013-10-23,81.25
1274,2013-10-24,81.5
1275,2013-10-25,81.45
1276,2013-10-28,84.6
1277,2013-10-29,84.7
1278,2013-10-30,84.4
1279,2013-10-31,84.15
1280,2013-11-01,84.4
1281,2013-11-04,83.95
1282,2013-11-05,84.0
1283,2013-11-06,84.15
1284,2013-11-07,84.7
1285,2013-11-08,84.55
1286,2013-11-11,84.45
1287,2013-11-12,84.5
1288,2013-11-13,84.5
1289,2013-11-14,84.55
1290,2013-11-15,84.7
1291,2013-11-18,84.65
1292,2013-11-19,84.6
1293,2013-11-20,84.65
1294,2013-11-21,84.65
1295,2013-11-22,84.4
1296,2013-11-25,84.5
1297,2013-11-26,84.55
1298,2013-11-27,84.55
1299,2013-11-28,84.5
1300,2013-11-29,84.55
1301,2013-12-02,85.2
1302,2013-12-03,86.2
1303,2013-12-04,85.4
1304,2013-12-05,85.35
1305,2013-12-06,85.3
1306,2013-12-09,85.3
1307,2013-12-10,85.2
1308,2013-12-11,85.45
1309,2013-12-12,85.45
1310,2013-12-13,85.4
1311,2013-12-16,85.65
1312,2013-12-17,85.7
1313,2013-12-18,85.8
1314,2013-12-19,85.9
1315,2013-12-20,85.85
1316,2013-12-23,85.85
1317,2013-12-24,85.85
1318,2013-12-25,85.85
1319,2013-12-26,85.85
1320,2013-12-27,85.95
1321,2013-12-30,87.25
1322,2013-12-31,87.25
1323,2014-01-01,87.25
1324,2014-01-02,87.15
1325,2014-01-03,86.5
1326,2014-01-06,85.7
1327,2014-01-07,85.0
1328,2014-01-08,85.2
1329,2014-01-09,85.0
1330,2014-01-10,83.8
1331,2014-01-13,83.5
1332,2014-01-14,83.15
1333,2014-01-15,83.55
1334,2014-01-16,83.55
1335,2014-01-17,83.55
1336,2014-01-20,83.05
1337,2014-01-21,82.45
1338,2014-01-22,82.6
1339,2014-01-23,82.35
1340,2014-01-24,82.6
1341,2014-01-27,82.2
1342,2014-01-28,82.2
1343,2014-01-29,82.2
1344,2014-01-30,82.15
1345,2014-01-31,82.35
1346,2014-02-03,79.2
1347,2014-02-04,78.3
1348,2014-02-05,78.2
1349,2014-02-06,78.2
1350,2014-02-07,77.9
1351,2014-02-10,77.95
1352,2014-02-11,77.25
1353,2014-02-12,77.25
1354,2014-02-13,77.3
1355,2014-02-14,77.35
1356,2014-02-17,77.55
1357,2014-02-18,77.6
1358,2014-02-19,77.5
1359,2014-02-20,77.6
1360,2014-02-21,77.6
1361,2014-02-24,77.3
1362,2014-02-25,77.45
1363,2014-02-26,77.25
1364,2014-02-27,77.45
1365,2014-02-28,77.55
1366,2014-03-03,76.7
1367,2014-03-04,76.1
1368,2014-03-05,74.95
1369,2014-03-06,74.5
1370,2014-03-07,74.45
1371,2014-03-10,72.65
1372,2014-03-11,73.05
1373,2014-03-12,73.25
1374,2014-03-13,73.9
1375,2014-03-14,74.5
1376,2014-03-17,74.6
1377,2014-03-18,74.55
1378,2014-03-19,74.5
1379,2014-03-20,74.4
1380,2014-03-21,74.5
1381,2014-03-24,74.5
1382,2014-03-25,74.3
1383,2014-03-26,74.3
1384,2014-03-27,74.35
1385,2014-03-28,74.35
1386,2014-03-31,74.55
1387,2014-04-01,74.5
1388,2014-04-02,73.45
1389,2014-04-03,73.65
1390,2014-04-04,73.55
1391,2014-04-07,73.45
1392,2014-04-08,73.4
1393,2014-04-09,73.4
1394,2014-04-10,74.0
1395,2014-04-11,74.5
1396,2014-04-14,74.55
1397,2014-04-15,74.75
1398,2014-04-16,74.25
1399,2014-04-17,74.25
1400,2014-04-18,74.25
1401,2014-04-21,74.25
1402,2014-04-22,73.5
1403,2014-04-23,73.45
1404,2014-04-24,73.4
1405,2014-04-25,73.4
1406,2014-04-28,73.3
1407,2014-04-29,73.45
1408,2014-04-30,73.35
1409,2014-05-01,73.5
1410,2014-05-02,73.4
1411,2014-05-05,73.4
1412,2014-05-06,73.2
1413,2014-05-07,73.2
1414,2014-05-08,73.5
1415,2014-05-09,73.5
1416,2014-05-12,74.05
1417,2014-05-13,74.2
1418,2014-05-14,74.3
1419,2014-05-15,74.3
1420,2014-05-16,74.25
1421,2014-05-19,74.25
1422,2014-05-20,74.25
1423,2014-05-21,74.25
1424,2014-05-22,74.2
1425,2014-05-23,74.25
1426,2014-05-26,74.25
1427,2014-05-27,74.25
1428,2014-05-28,73.95
1429,2014-05-29,73.95
1430,2014-05-30,73.9
1431,2014-06-02,72.15
1432,2014-06-03,72.45
1433,2014-06-04,72.2
1434,2014-06-05,72.15
1435,2014-06-06,72.25
1436,2014-06-09,72.1
1437,2014-06-10,72.15
1438,2014-06-11,72.15
1439,2014-06-12,72.05
1440,2014-06-13,72.15
1441,2014-06-16,72.5
1442,2014-06-17,72.25
1443,2014-06-18,72.0
1444,2014-06-19,71.95
1445,2014-06-20,72.0
1446,2014-06-23,72.0
1447,2014-06-24,72.0
1448,2014-06-25,72.0
1449,2014-06-26,71.85
1450,2014-06-27,71.9
1451,2014-06-30,71.1
1452,2014-07-01,70.7
1453,2014-07-02,70.75
1454,2014-07-03,70.05
1455,2014-07-04,69.85
1456,2014-07-07,70.0
1457,2014-07-08,69.9
1458,2014-07-09,69.85
1459,2014-07-10,69.8
1460,2014-07-11,69.65
1461,2014-07-14,69.5
1462,2014-07-15,69.5
1463,2014-07-16,68.9
1464,2014-07-17,69.0
1465,2014-07-18,69.1
1466,2014-07-21,69.0
1467,2014-07-22,69.1
1468,2014-07-23,69.25
1469,2014-07-24,69.3
1470,2014-07-25,69.3
1471,2014-07-28,69.9
1472,2014-07-29,70.15
1473,2014-07-30,69.55
1474,2014-07-31,68.95
1475,2014-08-01,68.95
1476,2014-08-04,69.35
1477,2014-08-05,69.75
1478,2014-08-06,69.95
1479,2014-08-07,70.3
1480,2014-08-08,70.55
1481,2014-08-11,70.2
1482,2014-08-12,69.85
1483,2014-08-13,70.05
1484,2014-08-14,69.75
1485,2014-08-15,70.25
1486,2014-08-18,70.2
1487,2014-08-19,70.0
1488,2014-08-20,69.8
1489,2014-08-21,69.75
1490,2014-08-22,69.25
1491,2014-08-25,69.25
1492,2014-08-26,69.35
1493,2014-08-27,69.3
1494,2014-08-28,69.1
1495,2014-08-29,69.25
1496,2014-09-01,67.7
1497,2014-09-02,67.35
1498,2014-09-03,67.05
1499,2014-09-04,66.55
1500,2014-09-05,66.1
1501,2014-09-08,66.35
1502,2014-09-09,66.15
1503,2014-09-10,66.2
1504,2014-09-11,66.1
1505,2014-09-12,65.9
1506,2014-09-15,66.15
1507,2014-09-16,66.2
1508,2014-09-17,66.05
1509,2014-09-18,66.15
1510,2014-09-19,66.1
1511,2014-09-22,66.2
1512,2014-09-23,66.2
1513,2014-09-24,66.25
1514,2014-09-25,66.15
1515,2014-09-26,66.3
1516,2014-09-29,64.55
1517,2014-09-30,64.65
1518,2014-10-01,64.7
1519,2014-10-02,65.0
1520,2014-10-03,64.65
1521,2014-10-06,64.85
1522,2014-10-07,65.1
1523,2014-10-08,65.3
1524,2014-10-09,64.85
1525,2014-10-10,64.5
1526,2014-10-13,64.25
1527,2014-10-14,64.1
1528,2014-10-15,64.05
1529,2014-10-16,64.15
1530,2014-10-17,64.1
1531,2014-10-20,63.9
1532,2014-10-21,63.9
1533,2014-10-22,64.45
1534,2014-10-23,64.45
1535,2014-10-24,64.35
1536,2014-10-27,64.35
1537,2014-10-28,64.35
1538,2014-10-29,64.3
1539,2014-10-30,64.3
1540,2014-10-31,64.3
1541,2014-11-03,62.85
1542,2014-11-04,62.45
1543,2014-11-05,62.15
1544,2014-11-06,61.9
1545,2014-11-07,62.1
1546,2014-11-10,63.05
1547,2014-11-11,63.5
1548,2014-11-12,63.25
1549,2014-11-13,63.25
1550,2014-11-14,63.2
1551,2014-11-17,63.45
1552,2014-11-18,63.35
1553,2014-11-19,63.1
1554,2014-11-20,63.0
1555,2014-11-21,63.4
1556,2014-11-24,63.5
1557,2014-11-25,63.55
1558,2014-11-26,63.55
1559,2014-11-27,63.5
1560,2014-11-28,63.45
1561,2014-12-01,63.7
1562,2014-12-02,62.85
1563,2014-12-03,62.5
1564,2014-12-04,62.35
1565,2014-12-05,62.35
1566,2014-12-08,62.4
1567,2014-12-09,62.55
1568,2014-12-10,62.65
1569,2014-12-11,62.9
1570,2014-12-12,63.05
1571,2014-12-15,62.95
1572,2014-12-16,62.4
1573,2014-12-17,63.05
1574,2014-12-18,63.15
1575,2014-12-19,63.05
1576,2014-12-22,62.9
1577,2014-12-23,63.25
1578,2014-12-24,63.25
1579,2014-12-25,63.25
1580,2014-12-26,62.9
1581,2014-12-29,62.3
1582,2014-12-30,62.35
1583,2014-12-31,62.3
1584,2015-01-01,62.3
1585,2015-01-02,61.3
1586,2015-01-05,61.25
1587,2015-01-06,61.45
1588,2015-01-07,60.6
1589,2015-01-08,60.6
1590,2015-01-09,60.4
1591,2015-01-12,60.05
1592,2015-01-13,60.3
1593,2015-01-14,60.05
1594,2015-01-15,60.3
1595,2015-01-16,60.55
1596,2015-01-19,60.85
1597,2015-01-20,61.35
1598,2015-01-21,62.3
1599,2015-01-22,62.5
1600,2015-01-23,62.3
1601,2015-01-26,61.9
1602,2015-01-27,62.0
1603,2015-01-28,62.75
1604,2015-01-29,62.75
1605,2015-01-30,63.1
1606,2015-02-02,64.5
1607,2015-02-03,66.85
1608,2015-02-04,66.8
1609,2015-02-05,67.1
1610,2015-02-06,67.45
1611,2015-02-09,68.6
1612,2015-02-10,69.1
1613,2015-02-11,69.6
1614,2015-02-12,70.25
1615,2015-02-13,69.6
1616,2015-02-16,70.5
1617,2015-02-17,70.55
1618,2015-02-18,70.65
1619,2015-02-19,70.25
1620,2015-02-20,70.8
1621,2015-02-23,70.85
1622,2015-02-24,71.05
1623,2015-02-25,69.9
1624,2015-02-26,71.1
1625,2015-02-27,71.05
1626,2015-03-02,70.55
1627,2015-03-03,67.3
1628,2015-03-04,67.05
1629,2015-03-05,67.0
1630,2015-03-06,65.5
1631,2015-03-09,65.25
1632,2015-03-10,65.0
1633,2015-03-11,65.5
1634,2015-03-12,65.25
1635,2015-03-13,64.95
1636,2015-03-16,64.45
1637,2015-03-17,64.7
1638,2015-03-18,64.65
1639,2015-03-19,64.35
1640,2015-03-20,64.05
1641,2015-03-23,62.4
1642,2015-03-24,62.75
1643,2015-03-25,63.25
1644,2015-03-26,63.35
1645,2015-03-27,63.3
1646,2015-03-30,57.2
1647,2015-03-31,56.8
1648,2015-04-01,56.0
1649,2015-04-02,55.6
1650,2015-04-03,55.6
1651,2015-04-06,55.6
1652,2015-04-07,55.0
1653,2015-04-08,54.8
1654,2015-04-09,55.3
1655,2015-04-10,54.65
1656,2015-04-13,55.0
1657,2015-04-14,55.4
1658,2015-04-15,55.7
1659,2015-04-16,56.8
1660,2015-04-17,57.9
1661,2015-04-20,57.4
1662,2015-04-21,58.3
1663,2015-04-22,58.3
1664,2015-04-23,58.4
1665,2015-04-24,58.55
1666,2015-04-27,61.65
1667,2015-04-28,61.95
1668,2015-04-29,61.9
1669,2015-04-30,62.05
1670,2015-05-01,62.2
1671,2015-05-04,62.2
1672,2015-05-05,62.5
1673,2015-05-06,62.3
1674,2015-05-07,61.85
1675,2015-05-08,61.85
1676,2015-05-11,61.6
1677,2015-05-12,61.4
1678,2015-05-13,61.4
1679,2015-05-14,61.5
1680,2015-05-15,61.3
1681,2015-05-18,60.65
1682,2015-05-19,60.15
1683,2015-05-20,60.15
1684,2015-05-21,60.3
1685,2015-05-22,60.0
1686,2015-05-25,60.0
1687,2015-05-26,60.05
1688,2015-05-27,60.1
1689,2015-05-28,60.1
1690,2015-05-29,60.05
1691,2015-06-01,57.2
1692,2015-06-02,57.75
1693,2015-06-03,57.95
1694,2015-06-04,58.05
1695,2015-06-05,58.1
1696,2015-06-08,58.1
1697,2015-06-09,58.35
1698,2015-06-10,59.5
1699,2015-06-11,60.4
1700,2015-06-12,60.0
1701,2015-06-15,60.3
1702,2015-06-16,60.4
1703,2015-06-17,60.4
1704,2015-06-18,60.15
1705,2015-06-19,60.2
1706,2015-06-22,60.2
1707,2015-06-23,60.2
1708,2015-06-24,60.2
1709,2015-06-25,60.15
1710,2015-06-26,60.2
1711,2015-06-29,60.45
1712,2015-06-30,60.8
1713,2015-07-01,60.55
1714,2015-07-02,60.4
1715,2015-07-03,60.15
1716,2015-07-06,60.05
1717,2015-07-07,59.45
1718,2015-07-08,59.75
1719,2015-07-09,60.05
1720,2015-07-10,60.3
1721,2015-07-13,60.35
1722,2015-07-14,60.35
1723,2015-07-15,60.5
1724,2015-07-16,60.45
1725,2015-07-17,60.3
1726,2015-07-20,60.55
1727,2015-07-21,60.45
1728,2015-07-22,60.45
1729,2015-07-23,60.35
1730,2015-07-24,60.4
1731,2015-07-27,60.35
1732,2015-07-28,60.25
1733,2015-07-29,60.25
1734,2015-07-30,60.25
1735,2015-07-31,60.3
1736,2015-08-03,58.6
1737,2015-08-04,59.15
1738,2015-08-05,59.95
1739,2015-08-06,60.35
1740,2015-08-07,60.05
1741,2015-08-10,60.1
1742,2015-08-11,59.85
1743,2015-08-12,59.4
1744,2015-08-13,59.25
1745,2015-08-14,59.35
1746,2015-08-17,59.15
1747,2015-08-18,58.95
1748,2015-08-19,58.85
1749,2015-08-20,58.9
1750,2015-08-21,58.8
1751,2015-08-24,58.5
1752,2015-08-25,58.55
1753,2015-08-26,58.6
1754,2015-08-27,58.4
1755,2015-08-28,58.5
1756,2015-08-31,58.4
1757,2015-09-01,59.65
1758,2015-09-02,59.65
1759,2015-09-03,59.4
1760,2015-09-04,59.05
1761,2015-09-07,57.85
1762,2015-09-08,58.1
1763,2015-09-09,57.8
1764,2015-09-10,57.8
1765,2015-09-11,57.7
1766,2015-09-14,57.65
1767,2015-09-15,57.65
1768,2015-09-16,57.9
1769,2015-09-17,57.85
1770,2015-09-18,57.8
1771,2015-09-21,57.75
1772,2015-09-22,57.7
1773,2015-09-23,57.65
1774,2015-09-24,57.65
1775,2015-09-25,57.55
1776,2015-09-28,55.45
1777,2015-09-29,55.15
1778,2015-09-30,53.85
1779,2015-10-01,53.45
1780,2015-10-02,52.95
1781,2015-10-05,53.85
1782,2015-10-06,53.65
1783,2015-10-07,53.85
1784,2015-10-08,53.7
1785,2015-10-09,53.6
1786,2015-10-12,52.95
1787,2015-10-13,53.2
1788,2015-10-14,53.05
1789,2015-10-15,53.15
1790,2015-10-16,53.1
1791,2015-10-19,53.05
1792,2015-10-20,53.2
1793,2015-10-21,53.25
1794,2015-10-22,52.95
1795,2015-10-23,52.8
1796,2015-10-26,52.9
1797,2015-10-27,52.8
1798,2015-10-28,52.9
1799,2015-10-29,53.2
1800,2015-10-30,53.05
1801,2015-11-02,52.85
1802,2015-11-03,52.75
1803,2015-11-04,52.3
1804,2015-11-05,52.3
1805,2015-11-06,52.15
1806,2015-11-09,52.35
1807,2015-11-10,52.15
1808,2015-11-11,52.15
1809,2015-11-12,52.15
1810,2015-11-13,52.4
1811,2015-11-16,52.55
1812,2015-11-17,52.7
1813,2015-11-18,52.75
1814,2015-11-19,52.75
1815,2015-11-20,52.9
1816,2015-11-23,52.7
1817,2015-11-24,53.1
1818,2015-11-25,52.8
1819,2015-11-26,52.85
1820,2015-11-27,52.85
1821,2015-11-30,53.55
1822,2015-12-01,53.2
1823,2015-12-02,52.75
1824,2015-12-03,53.0
1825,2015-12-04,53.0
1826,2015-12-07,52.7
1827,2015-12-08,52.5
1828,2015-12-09,52.5
1829,2015-12-10,52.35
1830,2015-12-11,52.25
1831,2015-12-14,52.2
1832,2015-12-15,52.35
1833,2015-12-16,52.35
1834,2015-12-17,52.25
1835,2015-12-18,52.2
1836,2015-12-21,52.05
1837,2015-12-22,52.05
1838,2015-12-23,52.1
1839,2015-12-24,52.1
1840,2015-12-25,52.1
1841,2015-12-28,51.4
1842,2015-12-29,50.95
1843,2015-12-30,50.9
1844,2015-12-31,50.6
1845,2016-01-01,50.6
1846,2016-01-04,49.9
1847,2016-01-05,50.25
1848,2016-01-06,51.5
1849,2016-01-07,51.25
1850,2016-01-08,50.25
1851,2016-01-11,49.3
1852,2016-01-12,49.1
1853,2016-01-13,48.85
1854,2016-01-14,49.2
1855,2016-01-15,49.15
1856,2016-01-18,48.8
1857,2016-01-19,48.85
1858,2016-01-20,49.0
1859,2016-01-21,49.0
1860,2016-01-22,49.0
1861,2016-01-25,48.95
1862,2016-01-26,49.25
1863,2016-01-27,48.8
1864,2016-01-28,48.85
1865,2016-01-29,48.8
1866,2016-02-01,49.95
1867,2016-02-02,50.4
1868,2016-02-03,50.45
1869,2016-02-04,50.95
1870,2016-02-05,51.6
1871,2016-02-08,51.5
1872,2016-02-09,50.45
1873,2016-02-10,50.4
1874,2016-02-11,50.7
1875,2016-02-12,50.7
1876,2016-02-15,50.7
1877,2016-02-16,50.7
1878,2016-02-17,50.85
1879,2016-02-18,50.9
1880,2016-02-19,50.5
1881,2016-02-22,50.3
1882,2016-02-23,50.3
1883,2016-02-24,50.35
1884,2016-02-25,50.35
1885,2016-02-26,50.45
1886,2016-02-29,50.5
1887,2016-03-01,50.85
1888,2016-03-02,50.5
1889,2016-03-03,51.1
1890,2016-03-04,51.0
1891,2016-03-07,51.0
1892,2016-03-08,51.1
1893,2016-03-09,51.3
1894,2016-03-10,51.2
1895,2016-03-11,51.5
1896,2016-03-14,51.95
1897,2016-03-15,51.65
1898,2016-03-16,51.6
1899,2016-03-17,52.3
1900,2016-03-18,52.2
1901,2016-03-21,52.0
1902,2016-03-22,51.75
1903,2016-03-23,52.2
1904,2016-03-24,52.3
1905,2016-03-25,52.3
1906,2016-03-28,50.65
1907,2016-03-29,51.25
1908,2016-03-30,51.05
1909,2016-03-31,51.1
1910,2016-04-01,50.5
1911,2016-04-04,50.05
1912,2016-04-05,50.2
1913,2016-04-06,50.05
1914,2016-04-07,49.6
1915,2016-04-08,49.85
1916,2016-04-11,50.1
1917,2016-04-12,50.25
1918,2016-04-13,50.25
1919,2016-04-14,50.85
1920,2016-04-15,50.85
1921,2016-04-18,50.8
1922,2016-04-19,50.6
1923,2016-04-20,50.6
1924,2016-04-21,50.5
1925,2016-04-22,51.0
1926,2016-04-25,51.0
1927,2016-04-26,51.05
1928,2016-04-27,50.95
1929,2016-04-28,51.0
1930,2016-04-29,50.75
1931,2016-05-02,51.0
1932,2016-05-03,50.8
1933,2016-05-04,50.8
1934,2016-05-05,50.8
1935,2016-05-06,50.65
1936,2016-05-09,50.2
1937,2016-05-10,50.2
1938,2016-05-11,50.4
1939,2016-05-12,50.35
1940,2016-05-13,50.55
1941,2016-05-16,50.65
1942,2016-05-17,50.85
1943,2016-05-18,50.85
1944,2016-05-19,50.95
1945,2016-05-20,50.95
1946,2016-05-23,50.95
1947,2016-05-24,51.0
1948,2016-05-25,51.25
1949,2016-05-26,51.35
1950,2016-05-27,51.35
1951,2016-05-30,53.2
1952,2016-05-31,53.5
1953,2016-06-01,53.1
1954,2016-06-02,53.55
1955,2016-06-03,54.0
1956,2016-06-06,54.65
1957,2016-06-07,54.15
1958,2016-06-08,53.4
1959,2016-06-09,52.95
1960,2016-06-10,53.0
1961,2016-06-13,53.05
1962,2016-06-14,52.4
1963,2016-06-15,52.45
1964,2016-06-16,52.6
1965,2016-06-17,52.55
1966,2016-06-20,52.85
1967,2016-06-21,52.75
1968,2016-06-22,52.95
1969,2016-06-23,52.95
1970,2016-06-24,52.9
1971,2016-06-27,54.05
1972,2016-06-28,55.25
1973,2016-06-29,55.65
1974,2016-06-30,56.95
1975,2016-07-01,58.15
1976,2016-07-04,59.2
1977,2016-07-05,58.6
1978,2016-07-06,58.4
1979,2016-07-07,58.95
1980,2016-07-08,59.25
1981,2016-07-11,59.6
1982,2016-07-12,60.7
1983,2016-07-13,61.1
1984,2016-07-14,61.1
1985,2016-07-15,61.3
1986,2016-07-18,60.85
1987,2016-07-19,60.95
1988,2016-07-20,60.9
1989,2016-07-21,60.95
1990,2016-07-22,60.85
1991,2016-07-25,61.25
1992,2016-07-26,61.05
1993,2016-07-27,61.2
1994,2016-07-28,61.25
1995,2016-07-29,61.15
1996,2016-08-01,67.7
1997,2016-08-02,67.6
1998,2016-08-03,67.3
1999,2016-08-04,65.0
2000,2016-08-05,65.0
2001,2016-08-08,67.25
2002,2016-08-09,67.0
2003,2016-08-10,66.3
2004,2016-08-11,67.85
2005,2016-08-12,68.3
2006,2016-08-15,67.6
2007,2016-08-16,67.6
2008,2016-08-17,68.1
2009,2016-08-18,67.05
2010,2016-08-19,67.55
2011,2016-08-22,68.15
2012,2016-08-23,67.1
2013,2016-08-24,67.0
2014,2016-08-25,67.45
2015,2016-08-26,67.15
2016,2016-08-29,66.95
2017,2016-08-30,68.0
2018,2016-08-31,68.75
2019,2016-09-01,69.05
2020,2016-09-02,69.15
2021,2016-09-05,69.85
2022,2016-09-06,70.75
2023,2016-09-07,69.8
2024,2016-09-08,69.6
2025,2016-09-09,69.7
2026,2016-09-12,70.0
2027,2016-09-13,70.15
2028,2016-09-14,70.15
2029,2016-09-15,70.95
2030,2016-09-16,71.15
2031,2016-09-19,71.25
2032,2016-09-20,71.65
2033,2016-09-21,72.65
2034,2016-09-22,71.5
2035,2016-09-23,71.95
2036,2016-09-26,71.8
2037,2016-09-27,71.9
2038,2016-09-28,72.6
2039,2016-09-29,72.15
2040,2016-09-30,72.2
2041,2016-10-03,81.1
2042,2016-10-04,83.15
2043,2016-10-05,83.6
2044,2016-10-06,84.8
2045,2016-10-07,84.45
2046,2016-10-10,84.05
2047,2016-10-11,84.4
2048,2016-10-12,86.0
2049,2016-10-13,88.0
2050,2016-10-14,89.45
2051,2016-10-17,90.95
2052,2016-10-18,92.7
2053,2016-10-19,91.4
2054,2016-10-20,91.3
2055,2016-10-21,92.8
2056,2016-10-24,92.8
2057,2016-10-25,93.2
2058,2016-10-26,93.55
2059,2016-10-27,94.1
2060,2016-10-28,93.95
2061,2016-10-31,108.6
2062,2016-11-01,114.75
2063,2016-11-02,112.35
2064,2016-11-03,106.5
2065,2016-11-04,108.65
2066,2016-11-07,111.95
2067,2016-11-08,112.1
2068,2016-11-09,111.4
2069,2016-11-10,111.4
2070,2016-11-11,109.85
2071,2016-11-14,105.35
2072,2016-11-15,106.45
2073,2016-11-16,104.9
2074,2016-11-17,106.25
2075,2016-11-18,105.1
2076,2016-11-21,105.1
2077,2016-11-22,106.3
2078,2016-11-23,103.3
2079,2016-11-24,105.95
2080,2016-11-25,103.75
2081,2016-11-28,92.25
2082,2016-11-29,88.5
2083,2016-11-30,87.45
2084,2016-12-01,87.7
2085,2016-12-02,87.4
2086,2016-12-05,86.8
2087,2016-12-06,84.0
2088,2016-12-07,83.0
2089,2016-12-08,84.0
2090,2016-12-09,84.35
2091,2016-12-12,85.7
2092,2016-12-13,86.0
2093,2016-12-14,87.55
2094,2016-12-15,88.85
2095,2016-12-16,86.5
2096,2016-12-19,86.2
2097,2016-12-20,87.0
2098,2016-12-21,86.9
2099,2016-12-22,86.75
2100,2016-12-23,86.6
2101,2016-12-26,86.6
2102,2016-12-27,86.6
2103,2016-12-28,87.65
2104,2016-12-29,88.25
2105,2016-12-30,88.4
2106,2017-01-02,88.4
2107,2017-01-03,90.5
2108,2017-01-04,88.6
2109,2017-01-05,85.7
2110,2017-01-06,83.5
2111,2017-01-09,82.05
2112,2017-01-10,81.5
2113,2017-01-11,82.15
2114,2017-01-12,84.05
2115,2017-01-13,83.5
2116,2017-01-16,82.9
2117,2017-01-17,84.55
2118,2017-01-18,83.85
2119,2017-01-19,83.45
2120,2017-01-20,83.8
2121,2017-01-23,83.65
2122,2017-01-24,83.75
2123,2017-01-25,83.7
2124,2017-01-26,83.6
2125,2017-01-27,83.75
2126,2017-01-30,83.55
2127,2017-01-31,83.0
2128,2017-02-01,82.7
2129,2017-02-02,82.75
2130,2017-02-03,83.0
2131,2017-02-06,81.3
2132,2017-02-07,80.4
2133,2017-02-08,79.4
2134,2017-02-09,79.75
2135,2017-02-10,80.05
2136,2017-02-13,79.9
2137,2017-02-14,79.9
2138,2017-02-15,80.0
2139,2017-02-16,80.0
2140,2017-02-17,79.9
2141,2017-02-20,80.1
2142,2017-02-21,80.15
2143,2017-02-22,79.75
2144,2017-02-23,79.8
2145,2017-02-24,80.0
2146,2017-02-27,83.5
2147,2017-02-28,83.45
2148,2017-03-01,82.75
2149,2017-03-02,82.2
2150,2017-03-03,80.95
2151,2017-03-06,80.2
2152,2017-03-07,79.25
2153,2017-03-08,78.65
2154,2017-03-09,78.2
2155,2017-03-10,78.75
2156,2017-03-13,81.1
2157,2017-03-14,80.9
2158,2017-03-15,81.65
2159,2017-03-16,81.1
2160,2017-03-17,81.3
2161,2017-03-20,80.9
2162,2017-03-21,80.55
2163,2017-03-22,80.4
2164,2017-03-23,80.95
2165,2017-03-24,80.95
2166,2017-03-27,80.95
2167,2017-03-28,80.75
2168,2017-03-29,80.75
2169,2017-03-30,80.7
2170,2017-03-31,80.75
2171,2017-04-03,89.5
2172,2017-04-04,89.75
2173,2017-04-05,89.45
2174,2017-04-06,89.65
2175,2017-04-07,88.2
2176,2017-04-10,86.75
2177,2017-04-11,84.85
2178,2017-04-12,84.55
2179,2017-04-13,84.15
2180,2017-04-14,84.15
2181,2017-04-17,84.15
2182,2017-04-18,84.35
2183,2017-04-19,84.1
2184,2017-04-20,84.15
2185,2017-04-21,84.2
2186,2017-04-24,83.9
2187,2017-04-25,83.85
2188,2017-04-26,83.8
2189,2017-04-27,84.8
2190,2017-04-28,83.55
2191,2017-05-01,79.4
2192,2017-05-02,79.0
2193,2017-05-03,78.0
2194,2017-05-04,78.0
2195,2017-05-05,78.0
2196,2017-05-08,74.2
2197,2017-05-09,73.85
2198,2017-05-10,74.1
2199,2017-05-11,73.3
2200,2017-05-12,73.6
2201,2017-05-15,73.3
2202,2017-05-16,73.25
2203,2017-05-17,73.8
2204,2017-05-18,74.05
2205,2017-05-19,74.25
2206,2017-05-22,74.8
2207,2017-05-23,74.35
2208,2017-05-24,74.45
2209,2017-05-25,74.45
2210,2017-05-26,74.45
2211,2017-05-29,73.85
2212,2017-05-30,74.1
2213,2017-05-31,73.45
2214,2017-06-01,74.5
2215,2017-06-02,76.0
2216,2017-06-05,75.9
2217,2017-06-06,76.95
2218,2017-06-07,78.45
2219,2017-06-08,79.3
2220,2017-06-09,79.45
2221,2017-06-12,79.45
2222,2017-06-13,80.85
2223,2017-06-14,80.5
2224,2017-06-15,80.8
2225,2017-06-16,80.85
2226,2017-06-19,81.2
2227,2017-06-20,80.75
2228,2017-06-21,80.7
2229,2017-06-22,80.6
2230,2017-06-23,80.65
2231,2017-06-26,80.55
2232,2017-06-27,80.6
2233,2017-06-28,80.65
2234,2017-06-29,80.95
2235,2017-06-30,81.0
2236,2017-07-03,79.45
2237,2017-07-04,81.15
2238,2017-07-05,83.05
2239,2017-07-06,83.2
2240,2017-07-07,82.55
2241,2017-07-10,82.35
2242,2017-07-11,83.35
2243,2017-07-12,83.2
2244,2017-07-13,83.8
2245,2017-07-14,83.95
2246,2017-07-17,84.3
2247,2017-07-18,85.55
2248,2017-07-19,85.85
2249,2017-07-20,86.7
2250,2017-07-21,86.45
2251,2017-07-24,86.35
2252,2017-07-25,86.8
2253,2017-07-26,87.25
2254,2017-07-27,87.3
2255,2017-07-28,87.2
2256,2017-07-31,93.2
2257,2017-08-01,94.7
2258,2017-08-02,95.05
2259,2017-08-03,94.55
2260,2017-08-04,95.35
2261,2017-08-07,95.0
2262,2017-08-08,94.05
2263,2017-08-09,95.2
2264,2017-08-10,95.85
2265,2017-08-11,95.8
2266,2017-08-14,95.45
2267,2017-08-15,94.95
2268,2017-08-16,97.45
2269,2017-08-17,98.05
2270,2017-08-18,98.3
2271,2017-08-21,98.35
2272,2017-08-22,98.4
2273,2017-08-23,98.35
2274,2017-08-24,98.4
2275,2017-08-25,98.6
2276,2017-08-28,97.75
2277,2017-08-29,97.05
2278,2017-08-30,97.4
2279,2017-08-31,95.3
2280,2017-09-01,95.8
2281,2017-09-04,96.9
2282,2017-09-05,97.8
2283,2017-09-06,97.9
2284,2017-09-07,97.65
2285,2017-09-08,98.45
2286,2017-09-11,99.55
2287,2017-09-12,99.75
2288,2017-09-13,100.3
2289,2017-09-14,100.0
2290,2017-09-15,99.2
2291,2017-09-18,98.25
2292,2017-09-19,98.2
2293,2017-09-20,97.95
2294,2017-09-21,97.3
2295,2017-09-22,97.2
2296,2017-09-25,96.95
2297,2017-09-26,97.0
2298,2017-09-27,97.25
2299,2017-09-28,97.1
2300,2017-09-29,97.25
2301,2017-10-02,95.9
2302,2017-10-03,97.0
2303,2017-10-04,99.0
2304,2017-10-05,98.65
2305,2017-10-06,97.35
2306,2017-10-09,96.65
2307,2017-10-10,95.35
2308,2017-10-11,96.05
2309,2017-10-12,95.15
2310,2017-10-13,95.75
2311,2017-10-16,96.15
2312,2017-10-17,96.15
2313,2017-10-18,97.1
2314,2017-10-19,96.75
2315,2017-10-20,97.15
2316,2017-10-23,96.55
2317,2017-10-24,97.2
2318,2017-10-25,97.15
2319,2017-10-26,97.1
2320,2017-10-27,97.45
2321,2017-10-30,99.4
2322,2017-10-31,99.9
2323,2017-11-01,100.0
2324,2017-11-02,100.2
2325,2017-11-03,99.0
2326,2017-11-06,98.75
2327,2017-11-07,98.5
2328,2017-11-08,98.0
2329,2017-11-09,97.7
2330,2017-11-10,97.65
2331,2017-11-13,97.8
2332,2017-11-14,97.6
2333,2017-11-15,97.55
2334,2017-11-16,96.75
2335,2017-11-17,96.55
2336,2017-11-20,96.25
2337,2017-11-21,95.9
2338,2017-11-22,96.2
2339,2017-11-23,96.1
2340,2017-11-24,96.55
2341,2017-11-27,95.05
2342,2017-11-28,96.4
2343,2017-11-29,96.8
2344,2017-11-30,96.8
2345,2017-12-01,96.95
2346,2017-12-04,97.3
2347,2017-12-05,96.55
2348,2017-12-06,97.1
2349,2017-12-07,97.25
2350,2017-12-08,97.55
2351,2017-12-11,98.05
2352,2017-12-12,98.65
2353,2017-12-13,99.65
2354,2017-12-14,99.7
2355,2017-12-15,100.0
2356,2017-12-18,100.15
2357,2017-12-19,100.3
2358,2017-12-20,100.25
2359,2017-12-21,100.2
2360,2017-12-22,100.2
2361,2017-12-25,100.2
2362,2017-12-26,100.2
2363,2017-12-27,100.2
2364,2017-12-28,101.2
2365,2017-12-29,100.8
2366,2018-01-01,100.8
2367,2018-01-02,102.65
2368,2018-01-03,103.8
2369,2018-01-04,104.95
2370,2018-01-05,105.3
2371,2018-01-08,106.75
2372,2018-01-09,107.0
2373,2018-01-10,106.55
2374,2018-01-11,106.1
2375,2018-01-12,105.85
2376,2018-01-15,106.4
2377,2018-01-16,106.45
2378,2018-01-17,106.55
2379,2018-01-18,106.75
2380,2018-01-19,106.75
2381,2018-01-22,106.5
2382,2018-01-23,106.5
2383,2018-01-24,106.95
2384,2018-01-25,106.5
2385,2018-01-26,106.5
2386,2018-01-29,109.0
2387,2018-01-30,107.15
2388,2018-01-31,104.35
2389,2018-02-01,104.4
2390,2018-02-02,104.75
2391,2018-02-05,104.55
2392,2018-02-06,104.0
2393,2018-02-07,102.75
2394,2018-02-08,100.9
2395,2018-02-09,101.15
2396,2018-02-12,101.65
2397,2018-02-13,102.65
2398,2018-02-14,104.4
2399,2018-02-15,104.15
2400,2018-02-16,104.7
2401,2018-02-19,105.3
2402,2018-02-20,105.25
2403,2018-02-21,105.55
2404,2018-02-22,105.65
2405,2018-02-23,105.1
2406,2018-02-26,104.6
2407,2018-02-27,104.3
2408,2018-02-28,104.25
2409,2018-03-01,102.9
2410,2018-03-02,102.9
2411,2018-03-05,102.0
2412,2018-03-06,101.5
2413,2018-03-07,99.75
2414,2018-03-08,99.95
2415,2018-03-09,99.4
2416,2018-03-12,98.0
2417,2018-03-13,98.0
2418,2018-03-14,97.7
2419,2018-03-15,97.85
2420,2018-03-16,97.15
2421,2018-03-19,96.75
2422,2018-03-20,97.35
2423,2018-03-21,97.15
2424,2018-03-22,96.7
2425,2018-03-23,96.75
2426,2018-03-26,96.6
2427,2018-03-27,96.9
2428,2018-03-28,96.65
2429,2018-03-29,96.4
2430,2018-03-30,96.4
2431,2018-04-02,92.25
2432,2018-04-03,92.0
2433,2018-04-04,93.55
2434,2018-04-05,94.15
2435,2018-04-06,93.9
2436,2018-04-09,94.2
2437,2018-04-10,93.5
2438,2018-04-11,93.65
2439,2018-04-12,93.65
2440,2018-04-13,93.4
2441,2018-04-16,93.0
2442,2018-04-17,92.05
2443,2018-04-18,92.65
2444,2018-04-19,93.75
2445,2018-04-20,93.45
2446,2018-04-23,93.35
2447,2018-04-24,93.25
2448,2018-04-25,93.45
2449,2018-04-26,93.5
2450,2018-04-27,93.65
2451,2018-04-30,99.4
2452,2018-05-01,102.05
2453,2018-05-02,101.0
2454,2018-05-03,100.1
2455,2018-05-04,100.55
2456,2018-05-07,100.55
2457,2018-05-08,101.0
2458,2018-05-09,100.7
2459,2018-05-10,101.5
2460,2018-05-11,101.75
2461,2018-05-14,102.5
2462,2018-05-15,104.25
2463,2018-05-16,104.6
2464,2018-05-17,104.15
2465,2018-05-18,104.35
2466,2018-05-21,104.6
2467,2018-05-22,105.2
2468,2018-05-23,104.75
2469,2018-05-24,104.7
2470,2018-05-25,105.45
2471,2018-05-28,107.35
2472,2018-05-29,106.85
2473,2018-05-30,108.65
2474,2018-05-31,110.15
2475,2018-06-01,111.05
2476,2018-06-04,113.3
2477,2018-06-05,113.0
2478,2018-06-06,112.8
2479,2018-06-07,114.1
2480,2018-06-08,113.85
2481,2018-06-11,114.35
2482,2018-06-12,115.55
2483,2018-06-13,116.0
2484,2018-06-14,115.5
2485,2018-06-15,115.0
2486,2018-06-18,115.9
2487,2018-06-19,115.35
2488,2018-06-20,114.45
2489,2018-06-21,114.0
2490,2018-06-22,114.05
2491,2018-06-25,114.5
2492,2018-06-26,114.75
2493,2018-06-27,114.4
2494,2018-06-28,114.4
2495,2018-06-29,114.4
2496,2018-07-02,115.0
2497,2018-07-03,115.35
2498,2018-07-04,116.5
2499,2018-07-05,116.6
2500,2018-07-06,116.1
2501,2018-07-09,116.1
2502,2018-07-10,117.45
2503,2018-07-11,117.9
2504,2018-07-12,118.05
2505,2018-07-13,117.7
2506,2018-07-16,118.25
2507,2018-07-17,118.7
2508,2018-07-18,119.6
2509,2018-07-19,119.3
2510,2018-07-20,117.7
2511,2018-07-23,118.65
2512,2018-07-24,119.3
2513,2018-07-25,119.9
2514,2018-07-26,119.9
2515,2018-07-27,119.9
2516,2018-07-30,115.55
2517,2018-07-31,117.55
2518,2018-08-01,117.8
2519,2018-08-02,117.35
2520,2018-08-03,117.45
2521,2018-08-06,116.8
2522,2018-08-07,116.0
2523,2018-08-08,115.9
2524,2018-08-09,116.3
2525,2018-08-10,116.65
2526,2018-08-13,117.5
2527,2018-08-14,118.4
2528,2018-08-15,118.15
2529,2018-08-16,118.1
2530,2018-08-17,118.0
2531,2018-08-20,117.65
2532,2018-08-21,117.55
2533,2018-08-22,117.5
2534,2018-08-23,117.15
2535,2018-08-24,117.9
2536,2018-08-27,118.9
2537,2018-08-28,117.5
2538,2018-08-29,117.65
2539,2018-08-30,117.5
2540,2018-08-31,118.0
2541,2018-09-03,116.25
2542,2018-09-04,115.35
2543,2018-09-05,114.8
2544,2018-09-06,114.8
2545,2018-09-07,114.55
2546,2018-09-10,115.3
2547,2018-09-11,115.65
2548,2018-09-12,115.05
2549,2018-09-13,115.3
2550,2018-09-14,115.4
2551,2018-09-17,114.6
2552,2018-09-18,114.15
2553,2018-09-19,114.5
2554,2018-09-20,113.15
2555,2018-09-21,113.45
2556,2018-09-24,113.75
2557,2018-09-25,113.7
2558,2018-09-26,113.7
2559,2018-09-27,113.7
2560,2018-09-28,113.85
2561,2018-10-01,114.6
2562,2018-10-02,114.05
2563,2018-10-03,113.9
2564,2018-10-04,113.75
2565,2018-10-05,113.65
2566,2018-10-08,112.75
2567,2018-10-09,110.95
2568,2018-10-10,109.85
2569,2018-10-11,108.7
2570,2018-10-12,109.2
2571,2018-10-15,109.25
2572,2018-10-16,109.1
2573,2018-10-17,109.15
2574,2018-10-18,109.75
2575,2018-10-19,110.0
2576,2018-10-22,110.1
2577,2018-10-23,109.5
2578,2018-10-24,109.75
2579,2018-10-25,109.75
2580,2018-10-26,109.65
2581,2018-10-29,108.0
2582,2018-10-30,107.5
2583,2018-10-31,105.2
2584,2018-11-01,102.85
2585,2018-11-02,103.4
2586,2018-11-05,103.9
2587,2018-11-06,103.5
2588,2018-11-07,105.45
2589,2018-11-08,105.35
2590,2018-11-09,105.9
2591,2018-11-12,105.85
2592,2018-11-13,105.5
2593,2018-11-14,103.35
2594,2018-11-15,104.15
2595,2018-11-16,102.5
2596,2018-11-19,102.95
2597,2018-11-20,102.3
2598,2018-11-21,102.45
2599,2018-11-22,102.4
2600,2018-11-23,101.75
2601,2018-11-26,101.4
2602,2018-11-27,101.55
2603,2018-11-28,101.55
2604,2018-11-29,101.55
2605,2018-11-30,101.7
2606,2018-12-03,102.45
2607,2018-12-04,102.85
2608,2018-12-05,102.65
2609,2018-12-06,102.55
2610,2018-12-07,102.55
2611,2018-12-10,102.65
2612,2018-12-11,102.15
2613,2018-12-12,101.65
2614,2018-12-13,102.15
2615,2018-12-14,102.3
2616,2018-12-17,101.85
2617,2018-12-18,101.5
2618,2018-12-19,101.6
2619,2018-12-20,101.65
2620,2018-12-21,101.7
2621,2018-12-24,101.0
2622,2018-12-25,101.0
2623,2018-12-26,101.0
2624,2018-12-27,101.55
2625,2018-12-28,101.9
2626,2018-12-31,102.05
2627,2019-01-01,102.05
2628,2019-01-02,101.1
2629,2019-01-03,99.6
2630,2019-01-04,99.5
2631,2019-01-07,99.05
2632,2019-01-08,97.8
2633,2019-01-09,98.1
2634,2019-01-10,97.85
2635,2019-01-11,98.05
2636,2019-01-14,97.35
2637,2019-01-15,98.7
2638,2019-01-16,99.7
2639,2019-01-17,100.3
2640,2019-01-18,99.75
2641,2019-01-21,99.35
2642,2019-01-22,99.2
2643,2019-01-23,99.2
2644,2019-01-24,99.0
2645,2019-01-25,98.75
2646,2019-01-28,99.45
2647,2019-01-29,99.2
2648,2019-01-30,99.3
2649,2019-01-31,99.0
2650,2019-02-01,98.35
2651,2019-02-04,98.2
2652,2019-02-05,98.3
2653,2019-02-06,98.3
2654,2019-02-07,97.8
2655,2019-02-08,97.2
2656,2019-02-11,96.7
2657,2019-02-12,95.65
2658,2019-02-13,95.7
2659,2019-02-14,94.95
2660,2019-02-15,94.85
2661,2019-02-18,95.0
2662,2019-02-19,95.2
2663,2019-02-20,95.2
2664,2019-02-21,95.2
2665,2019-02-22,95.05
2666,2019-02-25,93.7
2667,2019-02-26,94.8
2668,2019-02-27,94.9
2669,2019-02-28,96.05
2670,2019-03-01,97.0
2671,2019-03-04,98.15
2672,2019-03-05,98.05
2673,2019-03-06,97.45
2674,2019-03-07,97.6
2675,2019-03-08,95.55
2676,2019-03-11,94.55
2677,2019-03-12,95.05
2678,2019-03-13,94.5
2679,2019-03-14,94.6
2680,2019-03-15,93.85
2681,2019-03-18,93.8
2682,2019-03-19,93.45
2683,2019-03-20,93.55
2684,2019-03-21,93.5
2685,2019-03-22,93.3
2686,2019-03-25,93.55
2687,2019-03-26,93.2
2688,2019-03-27,93.5
2689,2019-03-28,92.95
2690,2019-03-29,92.75
2691,2019-04-01,82.5
2692,2019-04-02,81.1
2693,2019-04-03,79.0
2694,2019-04-04,77.7
2695,2019-04-05,78.85
2696,2019-04-08,80.4
2697,2019-04-09,81.2
2698,2019-04-10,82.2
2699,2019-04-11,84.15
2700,2019-04-12,84.2
2701,2019-04-15,84.35
2702,2019-04-16,84.1
2703,2019-04-17,84.6
2704,2019-04-18,84.45
2705,2019-04-19,84.45
2706,2019-04-22,84.45
2707,2019-04-23,84.6
2708,2019-04-24,84.65
2709,2019-04-25,85.45
2710,2019-04-26,85.2
2711,2019-04-29,86.9
2712,2019-04-30,87.3
2713,2019-05-01,87.2
2714,2019-05-02,87.2
2715,2019-05-03,87.6
2716,2019-05-06,86.95
2717,2019-05-07,87.0
2718,2019-05-08,87.2
2719,2019-05-09,86.25
2720,2019-05-10,86.15
2721,2019-05-13,85.55
2722,2019-05-14,84.8
2723,2019-05-15,84.45
2724,2019-05-16,84.15
2725,2019-05-17,84.1
2726,2019-05-20,83.85
2727,2019-05-21,83.85
2728,2019-05-22,84.0
2729,2019-05-23,83.75
2730,2019-05-24,83.65
2731,2019-05-27,83.65
2732,2019-05-28,83.3
2733,2019-05-29,83.45
2734,2019-05-30,83.4
2735,2019-05-31,83.4
2736,2019-06-03,73.25
2737,2019-06-04,73.35
2738,2019-06-05,72.85
2739,2019-06-06,73.0
2740,2019-06-07,72.8
2741,2019-06-10,73.5
2742,2019-06-11,74.15
2743,2019-06-12,71.95
2744,2019-06-13,71.85
2745,2019-06-14,71.4
2746,2019-06-17,71.15
2747,2019-06-18,70.8
2748,2019-06-19,70.6
2749,2019-06-20,70.5
2750,2019-06-21,71.3
2751,2019-06-24,70.6
2752,2019-06-25,70.95
2753,2019-06-26,70.9
2754,2019-06-27,71.0
2755,2019-06-28,70.9
2756,2019-07-01,68.0
2757,2019-07-02,70.0
2758,2019-07-03,72.75
2759,2019-07-04,77.0
2760,2019-07-05,76.2
2761,2019-07-08,75.2
2762,2019-07-09,74.9
2763,2019-07-10,75.45
2764,2019-07-11,75.05
2765,2019-07-12,74.6
2766,2019-07-15,74.35
2767,2019-07-16,73.3
2768,2019-07-17,74.3
2769,2019-07-18,73.85
2770,2019-07-19,74.1
2771,2019-07-22,74.5
2772,2019-07-23,73.85
2773,2019-07-24,74.2
2774,2019-07-25,74.4
2775,2019-07-26,74.25
2776,2019-07-29,71.6
2777,2019-07-30,69.65
2778,2019-07-31,69.45
2779,2019-08-01,69.45
2780,2019-08-02,69.15
2781,2019-08-05,68.9
2782,2019-08-06,68.05
2783,2019-08-07,67.75
2784,2019-08-08,67.8
2785,2019-08-09,67.85
2786,2019-08-12,67.3
2787,2019-08-13,67.15
2788,2019-08-14,66.85
2789,2019-08-15,66.35
2790,2019-08-16,66.3
2791,2019-08-19,66.35
2792,2019-08-20,65.95
2793,2019-08-21,65.45
2794,2019-08-22,65.35
2795,2019-08-23,65.75
2796,2019-08-26,65.75
2797,2019-08-27,65.4
2798,2019-08-28,65.6
2799,2019-08-29,65.3
2800,2019-08-30,65.75
2801,2019-09-02,65.05
2802,2019-09-03,66.5
2803,2019-09-04,66.35
2804,2019-09-05,66.9
2805,2019-09-06,66.25
2806,2019-09-09,65.55
2807,2019-09-10,65.8
2808,2019-09-11,65.35
2809,2019-09-12,65.5
2810,2019-09-13,65.7
2811,2019-09-16,66.15
2812,2019-09-17,65.6
2813,2019-09-18,65.35
2814,2019-09-19,65.55
2815,2019-09-20,65.45
2816,2019-09-23,65.35
2817,2019-09-24,65.2
2818,2019-09-25,65.4
2819,2019-09-26,65.15
2820,2019-09-27,65.55
2821,2019-09-30,70.05
2822,2019-10-01,67.4
2823,2019-10-02,66.25
2824,2019-10-03,64.8
2825,2019-10-04,65.2
2826,2019-10-07,66.45
2827,2019-10-08,66.9
2828,2019-10-09,67.45
2829,2019-10-10,67.4
2830,2019-10-11,66.4
2831,2019-10-14,66.52
2832,2019-10-15,66.9
2833,2019-10-16,67.3
2834,2019-10-17,67.55
2835,2019-10-18,67.5
2836,2019-10-21,67.6
2837,2019-10-22,67.45
2838,2019-10-23,67.0
2839,2019-10-24,67.25
2840,2019-10-25,67.65
2841,2019-10-28,66.85
2842,2019-10-29,66.95
2843,2019-10-30,66.95
2844,2019-10-31,66.9
2845,2019-11-01,67.25
2846,2019-11-04,67.35
2847,2019-11-05,67.15
2848,2019-11-06,66.55
2849,2019-11-07,66.45
2850,2019-11-08,66.8
2851,2019-11-11,66.95
2852,2019-11-12,66.55
2853,2019-11-13,66.7
2854,2019-11-14,66.7
2855,2019-11-15,67.15
2856,2019-11-18,67.5
2857,2019-11-19,67.4
2858,2019-11-20,67.45
2859,2019-11-21,67.55
2860,2019-11-22,67.9
2861,2019-11-25,66.75
2862,2019-11-26,67.4
2863,2019-11-27,67.75
2864,2019-11-28,67.45
2865,2019-11-29,67.85
2866,2019-12-02,67.6
2867,2019-12-03,67.4
2868,2019-12-04,66.8
2869,2019-12-05,66.55
2870,2019-12-06,66.4
2871,2019-12-09,66.2
2872,2019-12-10,66.0
2873,2019-12-11,66.1
2874,2019-12-12,66.5
2875,2019-12-13,66.3
2876,2019-12-16,66.45
2877,2019-12-17,65.9
2878,2019-12-18,66.2
2879,2019-12-19,66.45
2880,2019-12-20,66.35
2881,2019-12-23,65.8
2882,2019-12-24,66.5
2883,2019-12-25,66.5
2884,2019-12-26,66.5
2885,2019-12-27,66.55
2886,2019-12-30,67.7
2887,2019-12-31,67.7
2888,2020-01-01,67.7
2889,2020-01-02,67.9
2890,2020-01-03,67.5
2891,2020-01-06,67.25
2892,2020-01-07,67.15
2893,2020-01-08,67.1
2894,2020-01-09,68.95
2895,2020-01-10,70.9
2896,2020-01-13,72.25
2897,2020-01-14,70.8
2898,2020-01-15,70.5
2899,2020-01-16,70.45
2900,2020-01-17,70.0
2901,2020-01-20,69.9
2902,2020-01-21,69.05
2903,2020-01-22,67.9
2904,2020-01-23,69.1
2905,2020-01-24,69.1
2906,2020-01-27,69.1
2907,2020-01-28,68.35
2908,2020-01-29,68.6
2909,2020-01-30,68.65
2910,2020-01-31,68.5
2911,2020-02-03,66.3
2912,2020-02-04,68.55
2913,2020-02-05,69.3
2914,2020-02-06,69.7
2915,2020-02-07,68.5
2916,2020-02-10,68.1
2917,2020-02-11,68.95
2918,2020-02-12,68.9
2919,2020-02-13,69.1
2920,2020-02-14,69.45
2921,2020-02-17,69.1
2922,2020-02-18,68.4
2923,2020-02-19,68.2
2924,2020-02-20,68.6
2925,2020-02-21,67.9
2926,2020-02-24,68.0
2927,2020-02-25,67.9
2928,2020-02-26,67.75
2929,2020-02-27,67.9
2930,2020-02-28,67.4
2931,2020-03-02,66.35
2932,2020-03-03,66.2
2933,2020-03-04,65.75
2934,2020-03-05,66.4
2935,2020-03-06,65.9
2936,2020-03-09,65.15
2937,2020-03-10,65.3
2938,2020-03-11,65.65
2939,2020-03-12,65.4
2940,2020-03-13,65.8
2941,2020-03-16,65.55
2942,2020-03-17,66.05
2943,2020-03-18,66.1
2944,2020-03-19,66.15
2945,2020-03-20,66.3
2946,2020-03-23,66.05
2947,2020-03-24,66.5
2948,2020-03-25,66.35
2949,2020-03-26,66.5
2950,2020-03-27,66.65
2951,2020-03-30,69.0
2952,2020-03-31,67.85
2953,2020-04-01,66.7
2954,2020-04-02,66.2
2955,2020-04-03,66.05
2956,2020-04-06,64.15
2957,2020-04-07,63.8
2958,2020-04-08,62.65
2959,2020-04-09,63.6
2960,2020-04-10,63.6
2961,2020-04-13,63.6
2962,2020-04-14,62.75
2963,2020-04-15,62.25
2964,2020-04-16,61.9
2965,2020-04-17,62.0
2966,2020-04-20,61.5
2967,2020-04-21,61.25
2968,2020-04-22,61.15
2969,2020-04-23,60.95
2970,2020-04-24,61.1
2971,2020-04-27,50.5
2972,2020-04-28,51.25
2973,2020-04-29,51.25
2974,2020-04-30,52.35
2975,2020-05-01,51.25
2976,2020-05-04,50.6
2977,2020-05-05,50.5
2978,2020-05-06,51.2
2979,2020-05-07,51.15
2980,2020-05-08,51.15
2981,2020-05-11,51.7
2982,2020-05-12,52.0
2983,2020-05-13,52.4
2984,2020-05-14,51.75
2985,2020-05-15,50.95
2986,2020-05-18,51.4
2987,2020-05-19,51.8
2988,2020-05-20,52.05
2989,2020-05-21,51.9
2990,2020-05-22,51.95
2991,2020-05-25,51.95
2992,2020-05-26,52.4
2993,2020-05-27,52.5
2994,2020-05-28,52.25
2995,2020-05-29,52.0
2996,2020-06-01,55.65
2997,2020-06-02,55.55
2998,2020-06-03,55.8
2999,2020-06-04,55.2
3000,2020-06-05,55.6
3001,2020-06-08,54.85
3002,2020-06-09,53.7
3003,2020-06-10,53.05
3004,2020-06-11,52.9
3005,2020-06-12,53.0
3006,2020-06-15,53.4
3007,2020-06-16,53.35
3008,2020-06-17,53.35
3009,2020-06-18,52.95
3010,2020-06-19,53.1
3011,2020-06-22,53.1
3012,2020-06-23,53.0
3013,2020-06-24,52.85
3014,2020-06-25,53.25
3015,2020-06-26,53.5
3016,2020-06-29,52.7
3017,2020-06-30,52.15
3018,2020-07-01,51.6
3019,2020-07-02,52.6
3020,2020-07-03,52.45
3021,2020-07-06,52.65
3022,2020-07-07,53.0
3023,2020-07-08,52.55
3024,2020-07-09,52.4
3025,2020-07-10,52.4
3026,2020-07-13,52.2
3027,2020-07-14,52.5
3028,2020-07-15,52.6
3029,2020-07-16,52.35
3030,2020-07-17,52.2
3031,2020-07-20,52.0
3032,2020-07-21,52.05
3033,2020-07-22,52.1
3034,2020-07-23,51.95
3035,2020-07-24,52.0
3036,2020-07-27,52.25
3037,2020-07-28,51.8
3038,2020-07-29,51.8
3039,2020-07-30,51.9
3040,2020-07-31,51.95
3041,2020-08-03,52.6
3042,2020-08-04,52.45
3043,2020-08-05,51.6
3044,2020-08-06,50.2
3045,2020-08-07,51.2
3046,2020-08-10,50.5
3047,2020-08-11,49.9
3048,2020-08-12,49.5
3049,2020-08-13,49.9
3050,2020-08-14,50.4
3051,2020-08-17,50.45
3052,2020-08-18,50.45
3053,2020-08-19,50.25
3054,2020-08-20,50.1
3055,2020-08-21,49.8
3056,2020-08-24,49.7
3057,2020-08-25,49.75
3058,2020-08-26,49.7
3059,2020-08-27,49.8
3060,2020-08-28,49.75
3061,2020-08-31,51.95
3062,2020-09-01,51.4
3063,2020-09-02,50.6
3064,2020-09-03,49.7
3065,2020-09-04,49.0
3066,2020-09-07,48.5
3067,2020-09-08,48.75
3068,2020-09-09,48.8
3069,2020-09-10,49.75
3070,2020-09-11,50.75
3071,2020-09-14,50.75
3072,2020-09-15,51.0
3073,2020-09-16,51.5
3074,2020-09-17,51.9
3075,2020-09-18,52.05
3076,2020-09-21,52.45
3077,2020-09-22,52.7
3078,2020-09-23,52.75
3079,2020-09-24,52.8
3080,2020-09-25,52.8
3081,2020-09-28,59.0
3082,2020-09-29,58.65
3083,2020-09-30,58.6
3084,2020-10-01,58.6
3085,2020-10-02,57.55
3086,2020-10-05,58.1
3087,2020-10-06,58.1
3088,2020-10-07,58.0
3089,2020-10-08,58.0
3090,2020-10-09,57.4
3091,2020-10-12,56.85
3092,2020-10-13,54.7
3093,2020-10-14,55.4
3094,2020-10-15,55.7
3095,2020-10-16,56.3
3096,2020-10-19,57.3
3097,2020-10-20,57.8
3098,2020-10-21,57.75
3099,2020-10-22,58.0
3100,2020-10-23,58.0
3101,2020-10-26,58.0
3102,2020-10-27,58.15
3103,2020-10-28,58.2
3104,2020-10-29,58.2
3105,2020-10-30,58.2
3106,2020-11-02,59.9
3107,2020-11-03,60.55
3108,2020-11-04,60.6
3109,2020-11-05,61.45
3110,2020-11-06,61.65
3111,2020-11-09,62.05
3112,2020-11-10,62.3
3113,2020-11-11,62.3
3114,2020-11-12,62.3
3115,2020-11-13,62.25
3116,2020-11-16,62.3
3117,2020-11-17,62.4
3118,2020-11-18,62.45
3119,2020-11-19,62.65
3120,2020-11-20,63.35
3121,2020-11-23,63.4
3122,2020-11-24,63.5
3123,2020-11-25,63.75
3124,2020-11-26,63.85
3125,2020-11-27,63.9
3126,2020-11-30,70.3
3127,2020-12-01,70.05
3128,2020-12-02,71.4
3129,2020-12-03,73.55
3130,2020-12-04,74.25
3131,2020-12-07,76.3
3132,2020-12-08,75.95
3133,2020-12-09,76.6
3134,2020-12-10,77.5
3135,2020-12-11,77.7
3136,2020-12-14,78.75
3137,2020-12-15,79.5
3138,2020-12-16,79.25
3139,2020-12-17,79.5
3140,2020-12-18,80.0
3141,2020-12-21,79.85
3142,2020-12-22,80.0
3143,2020-12-23,79.85
3144,2020-12-24,79.85
3145,2020-12-25,79.85
3146,2020-12-28,85.35
3147,2020-12-29,84.2
3148,2020-12-30,81.6
3149,2020-12-31,80.5
3150,2021-01-01,80.5
3151,2021-01-04,81.2
3152,2021-01-05,80.35
3153,2021-01-06,79.45
3154,2021-01-07,81.05
3155,2021-01-08,84.3
3156,2021-01-11,84.5
3157,2021-01-12,86.5
3158,2021-01-13,87.3
3159,2021-01-14,87.25
3160,2021-01-15,87.4
3161,2021-01-18,86.4
3162,2021-01-19,85.0
3163,2021-01-20,85.5
3164,2021-01-21,85.5
3165,2021-01-22,85.9
3166,2021-01-25,85.95
3167,2021-01-26,86.0
3168,2021-01-27,86.2
3169,2021-01-28,86.3
3170,2021-01-29,86.2
3171,2021-02-01,85.65
3172,2021-02-02,85.0
3173,2021-02-03,83.75
3174,2021-02-04,84.4
3175,2021-02-05,86.65
3176,2021-02-08,87.5
3177,2021-02-09,87.3
3178,2021-02-10,87.6
3179,2021-02-11,87.4
3180,2021-02-12,87.45
3181,2021-02-15,87.05
3182,2021-02-16,86.55
3183,2021-02-17,86.0
3184,2021-02-18,85.75
3185,2021-02-19,86.0
3186,2021-02-22,85.75
3187,2021-02-23,85.5
3188,2021-02-24,85.5
3189,2021-02-25,85.5
3190,2021-02-26,85.1
3191,2021-03-01,85.6
3192,2021-03-02,87.5
3193,2021-03-03,87.95
3194,2021-03-04,87.5
3195,2021-03-05,87.75
3196,2021-03-08,88.0
3197,2021-03-09,88.5
3198,2021-03-10,89.0
3199,2021-03-11,89.0
3200,2021-03-12,90.0
3201,2021-03-15,90.5
3202,2021-03-16,90.5
3203,2021-03-17,90.75
3204,2021-03-18,91.0
3205,2021-03-19,92.75
3206,2021-03-22,94.0
3207,2021-03-23,94.5
3208,2021-03-24,94.5
3209,2021-03-25,94.5
3210,2021-03-26,93.95
3211,2021-03-29,93.0
3212,2021-03-30,93.85
3213,2021-03-31,96.25
3214,2021-04-01,96.5
3215,2021-04-02,96.5
3216,2021-04-05,96.5
3217,2021-04-06,94.85
3218,2021-04-07,94.7
3219,2021-04-08,93.8
3220,2021-04-09,93.1
3221,2021-04-12,93.3
3222,2021-04-13,93.45
3223,2021-04-14,93.4
3224,2021-04-15,93.5
3225,2021-04-16,94.3
3226,2021-04-19,94.35
3227,2021-04-20,94.0
3228,2021-04-21,93.75
3229,2021-04-22,93.95
3230,2021-04-23,93.0
3231,2021-04-26,93.1
3232,2021-04-27,93.1
3233,2021-04-28,92.9
3234,2021-04-29,92.9
3235,2021-04-30,93.3
3236,2021-05-03,92.8
3237,2021-05-04,93.0
3238,2021-05-05,93.8
3239,2021-05-06,96.05
3240,2021-05-07,96.15
3241,2021-05-10,97.6
3242,2021-05-11,98.7
3243,2021-05-12,100.0
3244,2021-05-13,101.0
3245,2021-05-14,99.0
3246,2021-05-17,98.35
3247,2021-05-18,99.1
3248,2021-05-19,99.1
3249,2021-05-20,99.75
3250,2021-05-21,101.0
3251,2021-05-24,103.25
3252,2021-05-25,105.0
3253,2021-05-26,105.1
3254,2021-05-27,105.5
3255,2021-05-28,106.0
3256,2021-05-31,118.9
3257,2021-06-01,120.5
3258,2021-06-02,119.95
3259,2021-06-03,119.0
3260,2021-06-04,119.75
3261,2021-06-07,121.6
3262,2021-06-08,122.75
3263,2021-06-09,123.7
3264,2021-06-10,126.0
3265,2021-06-11,127.0
3266,2021-06-14,125.55
3267,2021-06-15,125.0
3268,2021-06-16,125.25
3269,2021-06-17,126.0
3270,2021-06-18,125.0
3271,2021-06-21,125.5
3272,2021-06-22,127.25
3273,2021-06-23,127.5
3274,2021-06-24,127.5
3275,2021-06-25,127.7
3276,2021-06-28,128.55
3277,2021-06-29,131.0
3278,2021-06-30,134.7
3279,2021-07-01,137.75
3280,2021-07-02,139.25
3281,2021-07-05,143.4
3282,2021-07-06,140.75
3283,2021-07-07,139.55
3284,2021-07-08,142.25
3285,2021-07-09,143.0
3286,2021-07-12,142.25
3287,2021-07-13,144.6
3288,2021-07-14,144.5
3289,2021-07-15,146.0
3290,2021-07-16,148.1
3291,2021-07-19,150.0
3292,2021-07-20,149.7
3293,2021-07-21,149.75
3294,2021-07-22,149.75
3295,2021-07-23,149.75
3296,2021-07-26,149.75
3297,2021-07-27,149.75
3298,2021-07-28,150.1
3299,2021-07-29,150.0
3300,2021-07-30,149.75
3301,2021-08-02,152.55
3302,2021-08-03,152.75
3303,2021-08-04,154.4
3304,2021-08-05,157.25
3305,2021-08-06,160.95
3306,2021-08-09,167.05
3307,2021-08-10,167.1
3308,2021-08-11,169.4
3309,2021-08-12,171.25
3310,2021-08-13,172.75
3311,2021-08-16,173.4
3312,2021-08-17,171.45
3313,2021-08-18,171.0
3314,2021-08-19,170.9
3315,2021-08-20,167.75
3316,2021-08-23,170.0
3317,2021-08-24,170.0
3318,2021-08-25,170.75
3319,2021-08-26,171.0
3320,2021-08-27,170.95
3321,2021-08-30,171.35
3322,2021-08-31,174.25
3323,2021-09-01,174.6
3324,2021-09-02,177.5
3325,2021-09-03,179.0
3326,2021-09-06,178.0
3327,2021-09-07,177.2
3328,2021-09-08,177.35
3329,2021-09-09,177.5
3330,2021-09-10,177.6
3331,2021-09-13,177.5
3332,2021-09-14,177.45
3333,2021-09-15,177.5
3334,2021-09-16,176.0
3335,2021-09-17,177.5
3336,2021-09-20,177.5
3337,2021-09-21,179.5
3338,2021-09-22,180.5
3339,2021-09-23,185.9
3340,2021-09-24,181.5
3341,2021-09-27,204.75
3342,2021-09-28,207.7
3343,2021-09-29,210.5
3344,2021-09-30,218.0
3345,2021-10-01,228.0
3346,2021-10-04,240.0
3347,2021-10-05,269.5
3348,2021-10-06,242.0
3349,2021-10-07,231.9
3350,2021-10-08,238.6
3351,2021-10-11,244.5
3352,2021-10-12,242.35
3353,2021-10-13,243.35
3354,2021-10-14,245.0
3355,2021-10-15,240.0
3356,2021-10-18,239.35
3357,2021-10-19,229.9
3358,2021-10-20,231.5
3359,2021-10-21,228.5
3360,2021-10-22,230.0
3361,2021-10-25,226.0
3362,2021-10-26,223.35
3363,2021-10-27,223.35
3364,2021-10-28,223.7
3365,2021-10-29,223.45
3366,2021-11-01,145.0
3367,2021-11-02,140.9
3368,2021-11-03,157.5
3369,2021-11-04,154.25
3370,2021-11-05,155.4
3371,2021-11-08,163.0
3372,2021-11-09,160.65
3373,2021-11-10,152.3
3374,2021-11-11,151.5
3375,2021-11-12,150.0
3376,2021-11-15,149.35
3377,2021-11-16,150.4
3378,2021-11-17,150.15
3379,2021-11-18,152.5
3380,2021-11-19,152.5
3381,2021-11-22,154.0
3382,2021-11-23,157.0
3383,2021-11-24,159.0
3384,2021-11-25,158.0
3385,2021-11-26,157.5
3386,2021-11-29,159.3
3387,2021-11-30,152.0
3388,2021-12-01,157.45
3389,2021-12-02,158.5
3390,2021-12-03,155.25
3391,2021-12-06,151.25
3392,2021-12-07,154.1
3393,2021-12-08,158.7
3394,2021-12-09,160.1
3395,2021-12-10,163.75
3396,2021-12-13,164.25
3397,2021-12-14,164.75
3398,2021-12-15,164.75
3399,2021-12-16,168.5
3400,2021-12-17,168.0
3401,2021-12-20,168.15
3402,2021-12-21,169.0
3403,2021-12-22,169.5
3404,2021-12-23,169.4
3405,2021-12-24,168.9
3406,2021-12-27,170.1
3407,2021-12-28,171.0
3408,2021-12-29,171.1
3409,2021-12-30,170.1
3410,2021-12-31,169.6
3411,2022-01-03,157.5
3412,2022-01-04,174.1
3413,2022-01-05,179.9
3414,2022-01-06,196.5
3415,2022-01-07,195.9
3416,2022-01-10,196.5
3417,2022-01-11,197.1
3418,2022-01-12,203.0
3419,2022-01-13,211.5
3420,2022-01-14,216.75
3421,2022-01-17,220.5
3422,2022-01-18,221.0
3423,2022-01-19,223.1
3424,2022-01-20,225.65
3425,2022-01-21,224.6
3426,2022-01-24,225.25
3427,2022-01-25,227.3
3428,2022-01-26,227.8
3429,2022-01-27,227.6
3430,2022-01-28,227.65
3431,2022-01-31,222.75
3432,2022-02-01,218.1
3433,2022-02-02,220.1
3434,2022-02-03,221.0
3435,2022-02-04,227.3
3436,2022-02-07,236.0
3437,2022-02-08,239.25
3438,2022-02-09,239.25
3439,2022-02-10,239.1
3440,2022-02-11,245.0
3441,2022-02-14,240.0
3442,2022-02-15,239.0
3443,2022-02-16,235.5
3444,2022-02-17,232.4
3445,2022-02-18,232.35
3446,2022-02-21,233.85
3447,2022-02-22,236.25
3448,2022-02-23,237.7
3449,2022-02-24,239.5
3450,2022-02-25,238.6
3451,2022-02-28,274.5
3452,2022-03-01,313.0
3453,2022-03-02,440.0
3454,2022-03-03,370.0
3455,2022-03-04,418.75
3456,2022-03-07,422.65
3457,2022-03-08,423.15
3458,2022-03-09,420.65
3459,2022-03-10,373.35
3460,2022-03-11,368.65
3461,2022-03-14,361.75
3462,2022-03-15,346.0
3463,2022-03-16,340.0
3464,2022-03-17,337.25
3465,2022-03-18,336.0
3466,2022-03-21,329.4
3467,2022-03-22,328.9
3468,2022-03-23,325.35
3469,2022-03-24,326.65
3470,2022-03-25,327.15
3471,2022-03-28,259.75
3472,2022-03-29,253.4
3473,2022-03-30,260.0
3474,2022-03-31,259.0
3475,2022-04-01,258.75
3476,2022-04-04,264.0
3477,2022-04-05,281.0
3478,2022-04-06,286.5
3479,2022-04-07,281.65
3480,2022-04-08,291.6
3481,2022-04-11,290.65
3482,2022-04-12,309.1
3483,2022-04-13,312.0
3484,2022-04-14,309.1
3485,2022-04-15,309.1
3486,2022-04-18,309.1
3487,2022-04-19,321.0
3488,2022-04-20,326.35
3489,2022-04-21,331.1
3490,2022-04-22,327.1
3491,2022-04-25,328.6
3492,2022-04-26,325.0
3493,2022-04-27,326.05
3494,2022-04-28,326.95
3495,2022-04-29,326.6
3496,2022-05-02,299.8
3497,2022-05-03,326.6
3498,2022-05-04,360.35
3499,2022-05-05,374.35
3500,2022-05-06,379.5
3501,2022-05-09,377.0
3502,2022-05-10,377.45
3503,2022-05-11,385.85
3504,2022-05-12,391.5
3505,2022-05-13,392.85
3506,2022-05-16,402.5
3507,2022-05-17,413.65
3508,2022-05-18,412.0
3509,2022-05-19,412.1
3510,2022-05-20,417.25
3511,2022-05-23,416.0
3512,2022-05-24,408.0
3513,2022-05-25,404.65
3514,2022-05-26,403.0
3515,2022-05-27,406.65
3516,2022-05-30,401.0
3517,2022-05-31,427.0
3518,2022-06-01,412.0
3519,2022-06-02,412.5
3520,2022-06-03,412.5
3521,2022-06-06,415.25
3522,2022-06-07,397.0
3523,2022-06-08,395.4
3524,2022-06-09,396.0
3525,2022-06-10,392.35
3526,2022-06-13,390.35
3527,2022-06-14,383.5
3528,2022-06-15,386.35
3529,2022-06-16,387.35
3530,2022-06-17,389.35
3531,2022-06-20,392.75
3532,2022-06-21,390.0
3533,2022-06-22,392.0
3534,2022-06-23,397.5
3535,2022-06-24,397.0
3536,2022-06-27,392.45
3537,2022-06-28,393.5
3538,2022-06-29,380.0
3539,2022-06-30,385.95
3540,2022-07-01,388.0
3541,2022-07-04,396.45
3542,2022-07-05,397.6
3543,2022-07-06,399.7
3544,2022-07-07,410.0
3545,2022-07-08,413.75
3546,2022-07-11,419.0
3547,2022-07-12,426.0
3548,2022-07-13,430.0
3549,2022-07-14,416.35
3550,2022-07-15,406.55
3551,2022-07-18,396.05
3552,2022-07-19,399.65
3553,2022-07-20,408.6
3554,2022-07-21,403.4
3555,2022-07-22,409.2
3556,2022-07-25,410.25
3557,2022-07-26,414.0
3558,2022-07-27,411.5
3559,2022-07-28,411.4
3560,2022-07-29,407.9
3561,2022-08-01,405.0
3562,2022-08-02,403.5
3563,2022-08-03,393.5
3564,2022-08-04,385.0
3565,2022-08-05,361.0
3566,2022-08-08,371.0
3567,2022-08-09,384.5
3568,2022-08-10,398.65
3569,2022-08-11,401.0
3570,2022-08-12,407.65
3571,2022-08-15,407.5
3572,2022-08-16,405.0
3573,2022-08-17,413.9
3574,2022-08-18,413.9
3575,2022-08-19,416.25
3576,2022-08-22,418.35
3577,2022-08-23,417.6
3578,2022-08-24,412.6
3579,2022-08-25,417.5
3580,2022-08-26,417.4
3581,2022-08-29,422.75
3582,2022-08-30,414.55
3583,2022-08-31,425.0
3584,2022-09-01,427.35
3585,2022-09-02,435.0
3586,2022-09-05,457.8
3587,2022-09-06,450.25
3588,2022-09-07,439.0
3589,2022-09-08,440.35
3590,2022-09-09,435.25
3591,2022-09-12,437.5
3592,2022-09-13,439.35
3593,2022-09-14,444.2
3594,2022-09-15,445.5
3595,2022-09-16,439.0
3596,2022-09-19,439.05
3597,2022-09-20,441.3
3598,2022-09-21,444.5
3599,2022-09-22,435.65
3600,2022-09-23,435.2
3601,2022-09-26,438.0
3602,2022-09-27,437.65
3603,2022-09-28,436.0
3604,2022-09-29,435.75
3605,2022-09-30,433.7
3606,2022-10-03,401.5
3607,2022-10-04,404.0
3608,2022-10-05,396.25
3609,2022-10-06,400.0
3610,2022-10-07,385.8
3611,2022-10-10,386.5
3612,2022-10-11,391.15
3613,2022-10-12,403.0
3614,2022-10-13,393.5
3615,2022-10-14,392.5
3616,2022-10-17,392.15
3617,2022-10-18,387.85
3618,2022-10-19,391.0
3619,2022-10-20,391.95
3620,2022-10-21,390.0
3621,2022-10-24,390.0
3622,2022-10-25,388.15
3623,2022-10-26,386.5
3624,2022-10-27,385.6
3625,2022-10-28,385.7
3626,2022-10-31,356.3
3627,2022-11-01,359.0
3628,2022-11-02,361.0
3629,2022-11-03,351.0
3630,2022-11-04,349.5
3631,2022-11-07,344.9
3632,2022-11-08,339.0
3633,2022-11-09,324.75
3634,2022-11-10,324.25
3635,2022-11-11,326.8
3636,2022-11-14,330.35
3637,2022-11-15,341.0
3638,2022-11-16,332.55
3639,2022-11-17,334.6
3640,2022-11-18,343.45
3641,2022-11-21,351.0
3642,2022-11-22,347.15
3643,2022-11-23,346.45
3644,2022-11-24,347.35
3645,2022-11-25,349.4
3646,2022-11-28,379.0
3647,2022-11-29,387.4
3648,2022-11-30,398.5
3649,2022-12-01,385.0
3650,2022-12-02,391.0
3651,2022-12-05,400.5
3652,2022-12-06,408.8
3653,2022-12-07,405.65
3654,2022-12-08,395.5
3655,2022-12-09,402.5
3656,2022-12-12,400.25
3657,2022-12-13,404.5
3658,2022-12-14,404.0
3659,2022-12-15,401.9
3660,2022-12-16,403.0
3661,2022-12-19,401.35
3662,2022-12-20,400.05
3663,2022-12-21,401.4
3664,2022-12-22,400.65
3665,2022-12-23,401.1
3666,2022-12-26,401.1
3667,2022-12-27,400.5
3668,2022-12-28,402.1
3669,2022-12-29,404.15
3670,2022-12-30,404.15
3671,2023-01-02,404.15
3672,2023-01-03,393.1
3673,2023-01-04,394.55
3674,2023-01-05,397.5
3675,2023-01-06,396.15
3676,2023-01-09,393.85
3677,2023-01-10,390.45
3678,2023-01-11,370.0
3679,2023-01-12,377.5
3680,2023-01-13,370.25
3681,2023-01-16,368.75
3682,2023-01-17,369.25
3683,2023-01-18,368.0
3684,2023-01-19,363.5
3685,2023-01-20,350.95
3686,2023-01-23,360.0
3687,2023-01-24,359.6
3688,2023-01-25,354.0
3689,2023-01-26,355.6
3690,2023-01-27,358.1
3691,2023-01-30,265.35
3692,2023-01-31,251.75
3693,2023-02-01,247.0
3694,2023-02-02,244.65
3695,2023-02-03,236.0
3696,2023-02-06,252.0
3697,2023-02-07,255.65
3698,2023-02-08,239.35
3699,2023-02-09,225.5
3700,2023-02-10,226.1
3701,2023-02-13,221.0
3702,2023-02-14,219.5
3703,2023-02-15,219.9
3704,2023-02-16,214.0
3705,2023-02-17,209.35
3706,2023-02-20,205.65
3707,2023-02-21,208.5
3708,2023-02-22,209.65
3709,2023-02-23,210.1
3710,2023-02-24,209.2
3711,2023-02-27,196.5
3712,2023-02-28,192.85
3713,2023-03-01,193.5
3714,2023-03-02,193.0
3715,2023-03-03,188.9
3716,2023-03-06,181.75
3717,2023-03-07,179.25
3718,2023-03-08,179.5
3719,2023-03-09,180.0
3720,2023-03-10,185.25
3721,2023-03-13,182.9
3722,2023-03-14,180.0
3723,2023-03-15,175.0
3724,2023-03-16,174.0
3725,2023-03-17,173.0
3726,2023-03-20,172.25
3727,2023-03-21,174.0
3728,2023-03-22,176.55
3729,2023-03-23,176.65
3730,2023-03-24,175.35
3731,2023-03-27,176.25
3732,2023-03-28,176.5
3733,2023-03-29,176.6
3734,2023-03-30,176.75
3735,2023-03-31,177.25
3736,2023-04-03,200.0
3737,2023-04-04,192.65
3738,2023-04-05,198.0
3739,2023-04-06,193.75
3740,2023-04-07,193.75
3741,2023-04-10,193.75
3742,2023-04-11,194.15
3743,2023-04-12,194.6
3744,2023-04-13,190.75
3745,2023-04-14,188.0
3746,2023-04-17,187.0
3747,2023-04-18,188.3
3748,2023-04-19,192.5
3749,2023-04-20,191.75
3750,2023-04-21,190.35
3751,2023-04-24,190.0
3752,2023-04-25,189.05
3753,2023-04-26,190.15
3754,2023-04-27,189.95
3755,2023-04-28,189.7
3756,2023-05-01,185.15
3757,2023-05-02,187.55
3758,2023-05-03,180.6
3759,2023-05-04,170.65
3760,2023-05-05,169.65
3761,2023-05-08,169.65
3762,2023-05-09,169.0
3763,2023-05-10,166.95
3764,2023-05-11,163.0
3765,2023-05-12,164.9
3766,2023-05-15,163.75
3767,2023-05-16,163.8
3768,2023-05-17,165.25
3769,2023-05-18,159.35
3770,2023-05-19,162.25
3771,2023-05-22,160.35
3772,2023-05-23,160.0
3773,2023-05-24,160.25
3774,2023-05-25,160.0
3775,2023-05-26,160.0
3776,2023-05-29,140.65
3777,2023-05-30,135.1
3778,2023-05-31,135.0
3779,2023-06-01,130.15
3780,2023-06-02,131.0
3781,2023-06-05,137.75
3782,2023-06-06,134.45
3783,2023-06-07,136.0
3784,2023-06-08,136.25
3785,2023-06-09,135.7
3786,2023-06-12,134.0
3787,2023-06-13,132.25
3788,2023-06-14,132.0
3789,2023-06-15,135.95
3790,2023-06-16,128.45
3791,2023-06-19,128.35
3792,2023-06-20,126.55
3793,2023-06-21,124.15
3794,2023-06-22,125.75
3795,2023-06-23,125.5
3796,2023-06-26,125.5
3797,2023-06-27,127.9
3798,2023-06-28,127.9
3799,2023-06-29,127.9
3800,2023-06-30,128.05
3801,2023-07-03,148.05
3802,2023-07-04,143.15
3803,2023-07-05,144.8
3804,2023-07-06,139.65
3805,2023-07-07,138.0
3806,2023-07-10,133.7
3807,2023-07-11,131.0
3808,2023-07-12,129.05
3809,2023-07-13,128.0
3810,2023-07-14,131.65
3811,2023-07-17,131.1
3812,2023-07-18,134.35
3813,2023-07-19,132.0
3814,2023-07-20,132.0
3815,2023-07-21,133.0
3816,2023-07-24,133.1
3817,2023-07-25,134.0
3818,2023-07-26,134.0
3819,2023-07-27,134.0
3820,2023-07-28,134.45
3821,2023-07-31,137.3
3822,2023-08-01,134.35
3823,2023-08-02,133.5
3824,2023-08-03,136.85
3825,2023-08-04,137.0
3826,2023-08-07,141.1
3827,2023-08-08,142.5
3828,2023-08-09,142.5
3829,2023-08-10,143.0
3830,2023-08-11,144.0
3831,2023-08-14,146.5
3832,2023-08-15,147.15
3833,2023-08-16,147.5
3834,2023-08-17,147.0
3835,2023-08-18,149.5
3836,2023-08-21,149.25
3837,2023-08-22,150.0
3838,2023-08-23,150.0
3839,2023-08-24,149.0
3840,2023-08-25,149.4
3841,2023-08-28,159.75
3842,2023-08-29,159.5
3843,2023-08-30,156.0
3844,2023-08-31,156.0
3845,2023-09-01,156.25
3846,2023-09-04,156.55
3847,2023-09-05,160.5
3848,2023-09-06,160.0
3849,2023-09-07,157.65
3850,2023-09-08,156.25
3851,2023-09-11,158.0
3852,2023-09-12,159.0
3853,2023-09-13,162.25
3854,2023-09-14,160.15
3855,2023-09-15,160.5
3856,2023-09-18,160.75
3857,2023-09-19,160.75
3858,2023-09-20,160.75
3859,2023-09-21,160.5
3860,2023-09-22,160.0
3861,2023-09-25,160.0
3862,2023-09-26,160.35
3863,2023-09-27,160.35
3864,2023-09-28,159.75
3865,2023-09-29,160.1
3866,2023-10-02,154.5
3867,2023-10-03,149.65
3868,2023-10-04,144.65
3869,2023-10-05,139.0
3870,2023-10-06,138.5
3871,2023-10-09,141.35
3872,2023-10-10,141.9
3873,2023-10-11,140.5
3874,2023-10-12,142.65
3875,2023-10-13,143.85
3876,2023-10-16,143.75
3877,2023-10-17,142.25
3878,2023-10-18,140.0
3879,2023-10-19,136.5
3880,2023-10-20,138.0
3881,2023-10-23,138.35
3882,2023-10-24,136.5
3883,2023-10-25,133.5
3884,2023-10-26,135.7
3885,2023-10-27,135.2
3886,2023-10-30,131.0
3887,2023-10-31,121.1
3888,2023-11-01,119.65
3889,2023-11-02,120.0
3890,2023-11-03,122.5
3891,2023-11-06,119.0
3892,2023-11-07,120.1
3893,2023-11-08,122.5
3894,2023-11-09,123.0
3895,2023-11-10,123.25
3896,2023-11-13,122.0
3897,2023-11-14,122.5
3898,2023-11-15,123.25
3899,2023-11-16,123.1
3900,2023-11-17,123.25
3901,2023-11-20,122.5
3902,2023-11-21,122.3
3903,2023-11-22,122.15
3904,2023-11-23,122.15
3905,2023-11-24,122.0
3906,2023-11-27,127.5
3907,2023-11-28,127.45
3908,2023-11-29,127.85
3909,2023-11-30,132.15
3910,2023-12-01,133.5
3911,2023-12-04,134.45
3912,2023-12-05,134.15
3913,2023-12-06,140.45
3914,2023-12-07,148.75
3915,2023-12-08,151.0
3916,2023-12-11,152.5
3917,2023-12-12,146.25
3918,2023-12-13,146.25
3919,2023-12-14,145.5
3920,2023-12-15,145.25
3921,2023-12-18,144.75
3922,2023-12-19,145.25
3923,2023-12-20,144.25
3924,2023-12-21,145.25
3925,2023-12-22,145.5
3926,2023-12-25,145.5
3927,2023-12-26,145.5
3928,2023-12-27,146.0
3929,2023-12-28,145.45
3930,2023-12-29,146.4
3931,2024-01-01,146.4
3932,2024-01-02,127.75
3933,2024-01-03,128.5
3934,2024-01-04,130.9
3935,2024-01-05,131.55
3936,2024-01-08,132.0
3937,2024-01-09,135.65
3938,2024-01-10,133.5
3939,2024-01-11,130.75
3940,2024-01-12,130.85
3941,2024-01-15,129.85
3942,2024-01-16,129.5
3943,2024-01-17,129.5
3944,2024-01-18,128.9
3945,2024-01-19,128.0
3946,2024-01-22,127.45
3947,2024-01-23,127.3
3948,2024-01-24,127.2
3949,2024-01-25,126.8
3950,2024-01-26,127.1
3951,2024-01-29,116.4
3952,2024-01-30,119.55
3953,2024-01-31,116.5
3954,2024-02-01,116.0
3955,2024-02-02,116.75
3956,2024-02-05,119.0
3957,2024-02-06,119.0
3958,2024-02-07,120.5
3959,2024-02-08,120.6
3960,2024-02-09,120.6
3961,2024-02-12,120.0
3962,2024-02-13,120.5
3963,2024-02-14,119.75
3964,2024-02-15,119.25
3965,2024-02-16,119.25
3966,2024-02-19,119.6
3967,2024-02-20,119.6
3968,2024-02-21,119.4
3969,2024-02-22,119.4
3970,2024-02-23,119.4
3971,2024-02-26,127.75
3972,2024-02-27,129.2
3973,2024-02-28,129.5
3974,2024-02-29,131.0
3975,2024-03-01,132.0
3976,2024-03-04,136.0
3977,2024-03-05,137.45
3978,2024-03-06,136.75
3979,2024-03-07,135.5
3980,2024-03-08,134.4
3981,2024-03-11,133.0
3982,2024-03-12,130.65
3983,2024-03-13,131.1
3984,2024-03-14,131.5
3985,2024-03-15,131.0
3986,2024-03-18,129.75
3987,2024-03-19,129.4
3988,2024-03-20,128.9
3989,2024-03-21,128.25
3990,2024-03-22,127.7
3991,2024-03-25,128.95
3992,2024-03-26,128.9
3993,2024-03-27,129.0
3994,2024-03-28,129.1
3995,2024-03-29,129.1
3996,2024-04-01,132.0
3997,2024-04-02,132.25
3998,2024-04-03,129.65
3999,2024-04-04,128.2
4000,2024-04-05,129.1
4001,2024-04-08,128.2
4002,2024-04-09,127.75
4003,2024-04-10,128.0
4004,2024-04-11,128.75
4005,2024-04-12,129.25
4006,2024-04-15,129.75
4007,2024-04-16,129.25
4008,2024-04-17,129.6
4009,2024-04-18,129.6
4010,2024-04-19,130.6
4011,2024-04-22,129.5
4012,2024-04-23,129.75
4013,2024-04-24,129.0
4014,2024-04-25,129.25
4015,2024-04-26,129.75
4016,2024-04-29,137.4
4017,2024-04-30,142.25
4018,2024-05-01,147.0
4019,2024-05-02,147.75
4020,2024-05-03,145.15
4021,2024-05-06,145.3
4022,2024-05-07,146.4
4023,2024-05-08,145.25
4024,2024-05-09,144.95
4025,2024-05-10,144.4
4026,2024-05-13,142.1
4027,2024-05-14,142.65
4028,2024-05-15,143.0
4029,2024-05-16,143.0
